id,not_label_0,label_0
0,0.9999421238899231,5.7845106994136586e-05
1,0.07225446100346744,0.9277455359697342
2,0.0001251302419404965,0.9998749047517776
3,0.9602525383234024,0.03974745242703648
4,0.9357976168394089,0.06420235883797432
5,0.9997951984405518,0.0002047913640126353
6,0.9998273998498917,0.00017261915490962565
7,0.9999476969242096,5.231287707374577e-05
8,0.9939005523920059,0.006099475591327064
9,6.973093036322098e-05,0.9999302625656128
10,0.00020716691915367846,0.9997928291559219
11,0.9998854994773865,0.00011446193093433976
12,0.12098926756880246,0.8790107518434525
13,0.9993087351322174,0.0006912317330716178
14,9.396590030519292e-05,0.9999060034751892
15,0.999943196773529,5.679997093466227e-05
16,0.9993171095848083,0.0006828886826042435
17,7.08635075170605e-05,0.9999291300773621
18,7.376557141469675e-05,0.9999262392520905
19,0.001071515377589094,0.9989284723997116
20,0.00018502515013096854,0.999814972281456
21,0.9999502301216125,4.9765655830924516e-05
22,0.00014569893983207294,0.9998542815446854
23,0.999885156750679,0.00011482958097985829
24,0.1626777817355105,0.8373221978545189
25,0.9997646659612656,0.00023530410976491112
26,0.00010535300089031807,0.9998946338891983
27,0.00012690562471107114,0.999873086810112
28,0.00012577910820255056,0.9998742043972015
29,0.9924974292516708,0.00750258017978922
30,8.27670212402154e-05,0.9999172240495682
31,0.9999140799045563,8.589951994508738e-05
32,0.00021174721860006684,0.999788224697113
33,0.8517734557390213,0.14822654658928514
34,0.9997594654560089,0.00024056358597590588
35,0.9955931007862091,0.004406908199598547
36,4.5306314177651075e-05,0.9999546706676483
37,0.003964039302445599,0.9960359334945679
38,0.00011926751722057816,0.9998807162046432
39,0.999949187040329,5.079853019651637e-05
40,0.9997174441814423,0.0002825668179866625
41,0.9999289214611053,7.109765533641621e-05
42,0.9976873397827148,0.002312654243723955
43,0.10299356359246303,0.8970064222812653
44,0.9994626939296722,0.0005373042922656168
45,0.00011641070773293904,0.999883621931076
46,6.346917507471517e-05,0.9999365210533142
47,0.9999138861894608,8.609655924374238e-05
48,0.9986484050750732,0.001351612987491535
49,0.00036484751444731955,0.9996351450681686
50,0.9998341947793961,0.00016576064444961958
51,0.0005102279428683687,0.9994897544384003
52,0.0001969325076061068,0.9998030364513397
53,0.9739348590373993,0.026065141160870553
54,0.00011210347065571113,0.9998878985643387
55,0.00019559661177481757,0.9998044073581696
56,0.9999382495880127,6.174044438012061e-05
57,0.9997676014900208,0.00023238972971739713
58,0.9997899830341339,0.00020998640752623032
59,0.9999285042285919,7.149997054511914e-05
60,0.14233378263270424,0.8576661869883537
61,0.9992795437574387,0.0007204949374681746
62,0.4822510629892349,0.5177489574998617
63,0.9999313652515411,6.862646046101872e-05
64,7.863546738917648e-05,0.9999213218688965
65,0.9997836202383041,0.0002163869812648045
66,0.022619465307798237,0.9773805141448975
67,0.999928742647171,7.126014770619804e-05
68,5.616271141661855e-05,0.9999438226222992
69,0.6885059624910355,0.31149403657764196
70,0.9998268783092499,0.00017311373630946036
71,0.0007244594489748124,0.9992755204439163
72,0.9999226331710815,7.734638802503468e-05
73,0.9998622387647629,0.00013773714545095572
74,0.9999195784330368,8.044376636462403e-05
75,0.9999428391456604,5.717784017633676e-05
76,0.9999234080314636,7.656591333216056e-05
77,0.7091286703944206,0.29087133426219225
78,0.9993005245923996,0.0006995170297159348
79,0.9999440312385559,5.5971959454836906e-05
80,0.08860791347251507,0.9113921076059341
81,0.9998605400323868,0.00013948420451015409
82,0.39991789497435093,0.6000821206253022
83,0.0003789006786973914,0.999621108174324
84,0.007289111410500482,0.9927109032869339
85,6.197048696776619e-05,0.999938040971756
86,0.9999312460422516,6.874222799524432e-05
87,0.9758090823888779,0.024190905736759305
88,0.9999188482761383,8.111194665616495e-05
89,0.9997235983610153,0.0002763898019111366
90,0.9993160367012024,0.0006839544457761804
91,0.9999449849128723,5.502966359927086e-05
92,0.9999227970838547,7.720322003024194e-05
93,0.5226819291710854,0.47731808945536613
94,0.9999029636383057,9.704173317004461e-05
95,0.9999315738677979,6.844779454695527e-05
96,0.9989280998706818,0.001071930062607862
97,0.9999376535415649,6.231239626686147e-05
98,7.943201489979401e-05,0.9999205470085144
99,0.999850258231163,0.0001497411585660302
100,0.14686259988229722,0.8531373739242554
101,0.9999387264251709,6.127113306320098e-05
102,0.0322888608352514,0.9677111357450485
103,0.00040201548790719244,0.9995979517698288
104,0.9999372065067291,6.280245224843384e-05
105,7.656389811927511e-05,0.999923437833786
106,0.00012807277244064608,0.9998719096183777
107,5.8407851838637725e-05,0.9999416172504425
108,6.042375343895401e-05,0.9999395906925201
109,0.9999058693647385,9.412604117642331e-05
110,0.9999074935913086,9.248325466160168e-05
111,0.9998190402984619,0.00018094488223141525
112,0.5502620779443532,0.44973793684039265
113,0.00010082135077027488,0.9998991936445236
114,0.0012384788133203983,0.9987615346908569
115,6.90236429363722e-05,0.9999309778213501
116,0.9999425709247589,5.743225892729242e-05
117,0.9999532997608185,4.670605744649947e-05
118,0.00020737724435093696,0.9997926205396652
119,0.9999293982982635,7.060034477035515e-05
120,0.9999411404132843,5.8861532124865334e-05
121,6.613289065171557e-05,0.9999338686466217
122,0.29907114728121087,0.7009288426488638
123,0.041795185999944806,0.9582048058509827
124,0.0007641039915142755,0.9992358684539795
125,7.657743390154792e-05,0.9999234080314636
126,0.9999194145202637,8.057288232521387e-05
127,0.999944418668747,5.557756730922847e-05
128,0.9997179061174393,0.00028210813798068557
129,0.999901533126831,9.844685246207519e-05
130,0.9999135881662369,8.641587646707194e-05
131,8.617132334620692e-05,0.9999138414859772
132,0.9999339580535889,6.605349199162447e-05
133,0.981613501906395,0.018386485953669762
134,0.22906290642276872,0.7709370795637369
135,0.9999461472034454,5.383436678130238e-05
136,0.9999153017997742,8.467994302918669e-05
137,0.9999544620513916,4.554496626951732e-05
138,0.0002651955237524817,0.9997348189353943
139,0.9999451637268066,5.48211528439424e-05
140,8.796101838015602e-05,0.9999120533466339
141,0.999918669462204,8.130281094054226e-05
142,0.9999302625656128,6.971571701797075e-05
143,0.0002737353415795951,0.999726265668869
144,7.934723748803663e-05,0.999920666217804
145,0.999947726726532,5.2270181868152576e-05
146,0.1868419896782143,0.8131580352783203
147,0.9999312162399292,6.875982364817901e-05
148,0.9999106228351593,8.937781558415736e-05
149,0.00017202754224854289,0.9998279809951782
150,0.9999228715896606,7.712630440437351e-05
151,0.06258774413981882,0.9374122470617294
152,0.9998790323734283,0.0001209665012993355
153,0.9996960759162903,0.0003039210550923599
154,0.0014927674164937343,0.9985071867704391
155,0.9475458264350891,0.05245416804609704
156,0.0010325880243726715,0.9989674091339111
157,0.9999229311943054,7.704740460212633e-05
158,0.000523240913025802,0.9994767606258392
159,0.9999306797981262,6.930442532393499e-05
160,0.9997339844703674,0.000266015356828575
161,0.5308575993403792,0.46914238296449184
162,0.9999010115861893,9.900708141685755e-05
163,0.9999197572469711,8.024189583011321e-05
164,0.0001066923921371199,0.9998932927846909
165,0.2964489245787263,0.7035510316491127
166,0.0011591210204642266,0.9988408535718918
167,0.00019819993849523598,0.9998017996549606
168,7.463106408067688e-05,0.9999253451824188
169,0.00011565935437829467,0.9998843222856522
170,0.8740570396184921,0.12594297845635083
171,0.9999409019947052,5.9082698044221615e-05
172,0.00011459732377261389,0.9998853802680969
173,0.9999194443225861,8.053803048824193e-05
174,0.995578870177269,0.004421122159328661
175,0.08827272725102375,0.9117272645235062
176,0.0002087748946451029,0.999791219830513
177,7.113101219147211e-05,0.9999288618564606
178,0.999918669462204,8.13366136753757e-05
179,0.9998885095119476,0.00011149731471959967
180,0.00011784113257817808,0.9998821467161179
181,0.999901756644249,9.823203481573728e-05
182,0.999933272600174,6.6722499923344e-05
183,0.9996006488800049,0.00039934244932737784
184,0.9997829794883728,0.00021702137837564806
185,0.9999441504478455,5.581361824624764e-05
186,0.9702912718057632,0.02970874565653503
187,0.9999570846557617,4.2906716203106043e-05
188,5.489697946359229e-05,0.9999451041221619
189,0.9999524056911469,4.7583567720721476e-05
190,8.876579204297741e-05,0.9999112337827682
191,0.9961661249399185,0.0038338459960414184
192,0.9999375939369202,6.243039797482197e-05
193,0.00010209445008513285,0.9998978823423386
194,8.288265439659881e-05,0.999917134642601
195,0.00017583228373041493,0.9998241811990738
196,0.002127094564912113,0.9978728890419006
197,0.3804869919549674,0.6195129938423634
198,0.9999153763055801,8.463477593068092e-05
199,0.9989373087882996,0.0010626809380482882
200,0.9999509155750275,4.908936625724891e-05
201,0.9622277021408081,0.03777228774197283
202,0.0004370867372927023,0.9995629191398621
203,5.8016325510834577e-05,0.9999420046806335
204,0.9989243596792221,0.0010756319775282464
205,4.213586635160027e-05,0.9999578595161438
206,0.9998080283403397,0.00019197316032659728
207,0.0001874279187177308,0.9998125731945038
208,0.9830509275197983,0.01694906693592202
209,7.33020556253905e-05,0.9999266862869263
210,0.9999561011791229,4.391281720472762e-05
211,0.0001209082356581348,0.9998790770769119
212,0.999884307384491,0.00011571564164114534
213,0.9998909682035446,0.00010905668477789732
214,0.9999437034130096,5.630662167277478e-05
215,0.9998492300510406,0.00015079127661010716
216,9.347735795017797e-05,0.9999065101146698
217,0.993812620639801,0.00618738892080728
218,0.9999423623085022,5.7645951073936885e-05
219,0.999542772769928,0.0004572437101160176
220,0.9999197721481323,8.021741314223618e-05
221,0.9996192753314972,0.0003807400626101298
222,0.9999379515647888,6.202901568030939e-05
223,0.9997628629207611,0.0002371291320741875
224,7.898534704509075e-05,0.9999210238456726
225,0.7675548661500216,0.2324451394888456
226,0.9999237656593323,7.621701183779805e-05
227,0.9999448657035828,5.511087215381849e-05
228,0.0003290834729341441,0.9996708929538727
229,0.0017639094148762524,0.9982361048460007
230,0.9999019801616669,9.800969746720511e-05
231,0.9999428391456604,5.7182946420653025e-05
232,0.9994891136884689,0.0005109186095069163
233,0.07866634069159772,0.9213336557149887
234,8.63969030433509e-05,0.9999136179685593
235,0.0004697768235928379,0.9995301961898804
236,0.999916598200798,8.339472583429597e-05
237,5.659737894347927e-05,0.9999434053897858
238,0.9999095350503922,9.048747665474366e-05
239,0.00012672115735767875,0.9998733103275299
240,0.9998064637184143,0.0001935202139975445
241,0.9998117238283157,0.00018827977874025237
242,0.0004305509410187369,0.9995694607496262
243,0.9999100416898727,8.996117435344786e-05
244,0.9765549451112747,0.02344507150701247
245,0.9996796995401382,0.0003203220148861874
246,0.2047031431866344,0.7952968813478947
247,0.017592769603652414,0.9824072420597076
248,8.445704361292883e-05,0.9999155104160309
249,0.9998533725738525,0.0001466684516344685
250,9.323680569650605e-05,0.9999067485332489
251,0.000280506195849739,0.999719500541687
252,0.29618814238347113,0.703811876475811
253,0.9991117119789124,0.000888271064241053
254,0.9999361038208008,6.390462453964574e-05
255,0.8337755650281906,0.16622445451503154
256,0.0001239125558640808,0.9998760670423508
257,0.9989477396011353,0.0010522619763833063
258,0.006515577815662255,0.9934844374656677
259,5.457898669192218e-05,0.9999454617500305
260,0.9991565346717834,0.0008434596165898256
261,8.982036661109305e-05,0.9999101758003235
262,0.00019767829689953942,0.9998022764921188
263,0.9999333322048187,6.66685555188451e-05
264,0.33139960281550884,0.6686004139482975
265,0.9999427795410156,5.720772242057137e-05
266,0.9993150383234024,0.000684938078848063
267,0.0002488368863851065,0.9997511506080627
268,0.9991320669651031,0.0008679292395754601
269,0.9999274909496307,7.249438681355969e-05
270,5.2998044338892214e-05,0.9999470114707947
271,0.9999381005764008,6.190275666995149e-05
272,0.9999264180660248,7.357456797763007e-05
273,8.262867595476564e-05,0.9999173581600189
274,0.999786376953125,0.00021357643709052354
275,0.8112019598484039,0.18879804157768376
276,0.0002465044417476747,0.9997534900903702
277,0.20672844766522758,0.7932715639472008
278,0.9999267160892487,7.326772970372986e-05
279,6.20269349838054e-05,0.9999379515647888
280,0.0032011641196731944,0.9967988282442093
281,0.8259217068552971,0.1740783069981262
282,0.9995642006397247,0.00043579659086390166
283,0.9874434471130371,0.012556526886328356
284,0.9999050945043564,9.488802561463672e-05
285,0.9998904019594193,0.00010960685222016764
286,0.0033048495679395273,0.9966951310634613
287,0.999926745891571,7.326755758185755e-05
288,0.999830424785614,0.0001695661703706719
289,0.999915361404419,8.465490554954158e-05
290,6.683087065084692e-05,0.9999331831932068
291,0.9999358654022217,6.411159529307042e-05
292,0.9996838569641113,0.0003161467411700869
293,5.783029564554454e-05,0.9999421834945679
294,0.999942421913147,5.756607743023778e-05
295,7.513820128224324e-05,0.9999248683452606
296,0.11618885467760265,0.8838111162185669
297,0.001687191554083256,0.9983128309249878
298,0.9999443292617798,5.5663375633230316e-05
299,0.00010190436751145171,0.9998980760574341
300,8.506345943715132e-05,0.9999149590730667
301,0.0003115093973065086,0.9996885061264038
302,0.00022219638503884198,0.9997778087854385
303,0.9998194724321365,0.00018057175520880264
304,0.00032137276321009267,0.9996786266565323
305,7.04487802067888e-05,0.9999295473098755
306,0.002549765369622037,0.997450202703476
307,0.21387307217810303,0.786126933991909
308,0.9999417066574097,5.82613985216085e-05
309,9.02915471669985e-05,0.9999096840620041
310,0.011486658862850163,0.9885133504867554
311,9.62673157118843e-05,0.9999037235975266
312,0.30894101737067103,0.6910589933395386
313,0.9969160854816437,0.003083915252091174
314,0.9997989237308502,0.00020106933334318455
315,0.0012108999999327352,0.9987891018390656
316,5.847370766787208e-05,0.9999415278434753
317,0.10695126699283719,0.8930486887693405
318,0.9998012483119965,0.00019873946985171642
319,0.9993594288825989,0.0006405697004083777
320,0.555125841870904,0.44487418001517653
321,0.9997900426387787,0.00020998059517296497
322,0.9296180903911591,0.07038194796950847
323,0.9998084157705307,0.0001915896073114709
324,0.00038528968525497476,0.9996147006750107
325,8.108611291390844e-05,0.9999188780784607
326,8.062927190621849e-05,0.9999193847179413
327,0.9999392330646515,6.077300713513978e-05
328,0.00012255996466592478,0.9998774528503418
329,0.6466651454684325,0.3533348497003317
330,0.999880239367485,0.00011974111430390622
331,8.365512849195511e-05,0.9999163746833801
332,0.07154012170212809,0.9284598529338837
333,6.440044307964854e-05,0.9999355673789978
334,0.9997276067733765,0.00027240857662036433
335,0.9992638826370239,0.000736138040338119
336,0.00018348178491578437,0.9998164921998978
337,7.712639308010694e-05,0.9999228417873383
338,0.005297319245073595,0.9947026520967484
339,0.016172603929589968,0.9838273972272873
340,0.00011675546852529806,0.999883234500885
341,0.9999164640903473,8.351461656275205e-05
342,0.00010083391589432722,0.9998991638422012
343,0.999932736158371,6.728478388140502e-05
344,0.999900683760643,9.933000956152682e-05
345,0.9999414086341858,5.860779538124916e-05
346,0.9999430477619171,5.697566621165606e-05
347,0.00016878901533345925,0.9998312294483185
348,0.0001632438270462444,0.9998367726802826
349,0.9998292922973633,0.00017070183912437642
350,0.00013137081623426639,0.9998686462640762
351,0.9999293386936188,7.068539321153366e-05
352,8.256678324869426e-05,0.9999174177646637
353,6.702322752971668e-05,0.9999329745769501
354,0.0097354241006542,0.9902645498514175
355,0.0002011022879742086,0.9997988939285278
356,9.440092844670289e-05,0.9999056160449982
357,0.9998932480812073,0.00010672268285816244
358,0.999906376004219,9.365614187117899e-05
359,0.9966380298137665,0.0033619806345086545
360,0.9927400350570679,0.007259959129441995
361,7.113997594387911e-05,0.9999288320541382
362,0.9998135715723038,0.00018638634310264024
363,0.8299568220973015,0.17004317693499615
364,0.2209011839258892,0.7790988385677338
365,0.9998945742845535,0.00010540867697272915
366,0.006840345122327562,0.993159607052803
367,0.00020904416851408314,0.9997909963130951
368,0.023642626901164476,0.9763574004173279
369,8.715070362086408e-05,0.999912828207016
370,0.9999076426029205,9.238727761839982e-05
371,6.926522701178328e-05,0.999930739402771
372,0.09369592433358775,0.9063040614128113
373,0.9999445676803589,5.5417004205082776e-05
374,0.9997624456882477,0.0002375447502345196
375,6.728460425620142e-05,0.999932736158371
376,8.60685493080382e-05,0.9999139457941055
377,0.9984807074069977,0.0015192666178336367
378,7.979723886819556e-05,0.9999201893806458
379,5.5543268217661534e-05,0.9999444782733917
380,7.329852201110043e-05,0.9999266862869263
381,7.498872400901746e-05,0.9999249875545502
382,5.51320495105756e-05,0.9999448657035828
383,9.726907273943652e-05,0.9999027103185654
384,0.9999381005764008,6.189314149196434e-05
385,0.00011216657185286749,0.9998878389596939
386,0.0846873377886368,0.9153126329183578
387,0.9999437630176544,5.62117675144691e-05
388,0.0006177817940624664,0.9993821978569031
389,0.9994080066680908,0.0005919854338571895
390,0.9999449551105499,5.5028253882483114e-05
391,5.379482263379032e-05,0.9999462068080902
392,0.0003228587629564572,0.9996771365404129
393,0.999842181801796,0.00015780190483383194
394,0.9999374747276306,6.250304522836814e-05
395,0.9999298453330994,7.014123048065812e-05
396,0.00022015685999576817,0.9997798204421997
397,0.9999297261238098,7.025315653663711e-05
398,0.00016798419892438687,0.999832034111023
399,0.2427819348158664,0.7572180833667517
400,0.00014101014494372066,0.9998590052127838
401,0.5350773669779301,0.46492265011875133
402,6.196557842486072e-05,0.999938040971756
403,7.513692503380298e-05,0.9999248832464218
404,0.00018200154227088206,0.9998179972171783
405,0.9993251711130142,0.000674827639159048
406,5.339806307347317e-05,0.9999465942382812
407,7.531510186709056e-05,0.9999246895313263
408,0.1584983525926873,0.8415016308426857
409,0.9999341368675232,6.581626996648993e-05
410,0.010486538476470741,0.9895134419202805
411,5.294542552292114e-05,0.9999470710754395
412,0.00025143427092189086,0.9997485429048538
413,0.9998639225959778,0.00013610247606266057
414,0.9999307990074158,6.920693863321503e-05
415,0.9999557137489319,4.42953003130242e-05
416,0.9998926222324371,0.00010736578224168625
417,0.9999562799930573,4.375436446935055e-05
418,0.9999532997608185,4.6687512735843484e-05
419,7.726827152509941e-05,0.9999227076768875
420,0.00010293154355167644,0.9998970478773117
421,0.9614586532115936,0.03854134050197899
422,0.011799864241766045,0.9882001280784607
423,4.8674501613277243e-05,0.9999513030052185
424,0.9993660300970078,0.0006339735987239692
425,0.24583529419396655,0.7541647129692137
426,5.213671056480962e-05,0.9999478757381439
427,6.533681403197988e-05,0.9999346435070038
428,0.0036995760383433662,0.9963004291057587
429,0.9999162256717682,8.374049775738968e-05
430,0.0003818563782260753,0.9996181577444077
431,0.9999194741249084,8.051470945247274e-05
432,6.26508458481112e-05,0.9999373257160187
433,0.9999444782733917,5.55134829482995e-05
434,5.8310185977461515e-05,0.9999416768550873
435,7.27697320144216e-05,0.9999272227287292
436,0.9999402463436127,5.9771650512630004e-05
437,0.9997577965259552,0.00024219204306064057
438,0.9995982795953751,0.00040175511821871623
439,0.04521640864550136,0.9547835886478424
440,0.0002841304249159293,0.9997158497571945
441,0.999892070889473,0.00010791941531351767
442,0.9998659193515778,0.0001340889548373525
443,0.9999243021011353,7.57029802116449e-05
444,0.006984639858274022,0.9930153638124466
445,0.9998774379491806,0.00012254312605364248
446,0.9999247342348099,7.52949963498395e-05
447,0.996635302901268,0.003364720324952941
448,0.9999143034219742,8.570557065468165e-05
449,0.999935120344162,6.484937489403819e-05
450,0.00029745291431027,0.9997025281190872
451,6.349914247039123e-05,0.9999364912509918
452,7.014151287876302e-05,0.9999298751354218
453,0.9999256432056427,7.435442466885434e-05
454,0.011844750893942546,0.988155260682106
455,0.00010828014592334512,0.9998917579650879
456,0.00014533427065543947,0.9998546242713928
457,0.8571586459875107,0.14284135558409616
458,8.304179618789931e-05,0.9999169707298279
459,6.591963574464899e-05,0.9999340772628784
460,0.9999322295188904,6.779004979762249e-05
461,0.0035599283437477425,0.9964400678873062
462,0.0008162427329807542,0.9991837441921234
463,0.9998946636915207,0.00010531878569963737
464,0.0502426947659842,0.9497572928667068
465,5.592671527665516e-05,0.9999440610408783
466,0.993447944521904,0.006552058890520129
467,0.999928206205368,7.177475458775007e-05
468,0.011094651690655155,0.9889053553342819
469,0.999062106013298,0.0009379007956340502
470,0.00013226410737843253,0.9998677223920822
471,0.9999077916145325,9.219029152518488e-05
472,0.00026374088156444486,0.9997362494468689
473,0.9999481737613678,5.1812488891300745e-05
474,0.0001864375435616239,0.9998135566711426
475,0.0006355551431624917,0.99936443567276
476,0.9999003857374191,9.959891394828446e-05
477,0.9999480843544006,5.188768182051717e-05
478,0.08990788862502086,0.9100921452045441
479,0.0010004079886130057,0.9989995956420898
480,0.7494800612330437,0.25051993610395584
481,0.9999108612537384,8.915389184949163e-05
482,0.3579994977917522,0.6420005075633526
483,0.9992090910673141,0.0007909109845058993
484,6.433898215618683e-05,0.999935656785965
485,8.577222615713254e-05,0.9999142438173294
486,0.9999370276927948,6.296458650467684e-05
487,7.846970675018383e-05,0.9999215006828308
488,6.830593338236213e-05,0.9999316930770874
489,8.12641787888424e-05,0.9999187141656876
490,0.9999445974826813,5.541339351111674e-05
491,0.8966680318117142,0.10333196830470115
492,0.9997089207172394,0.00029109094066370744
493,0.0003504410960886162,0.9996495544910431
494,0.00010328881035093218,0.9998967051506042
495,0.9999541640281677,4.581827147376316e-05
496,0.7926622033119202,0.2073377869091928
497,0.9999209642410278,7.902965808170848e-05
498,0.2917749944026582,0.7082250434905291
499,0.9999452829360962,5.468953145282285e-05
500,0.11936236184556037,0.8806376159191132
501,0.1899936639238149,0.8100063502788544
502,0.999894991517067,0.00010502268514755997
503,0.017470450708060525,0.9825295358896255
504,4.988016758034064e-05,0.9999500811100006
505,0.6611788738518953,0.33882113150320947
506,0.9997150301933289,0.0002849523807526566
507,9.017676552502962e-05,0.999909833073616
508,0.003214226093405159,0.9967857897281647
509,0.0002802543185680406,0.9997197687625885
510,0.99978306889534,0.00021693732924177311
511,0.9995540082454681,0.0004459931014935137
512,0.9998588562011719,0.00014112955705058994
513,0.9999107867479324,8.923425593820866e-05
514,0.00028275958106860344,0.999717190861702
515,0.0001731327959078044,0.9998268634080887
516,0.9998143315315247,0.0001856577418948291
517,8.853930739860516e-05,0.9999114573001862
518,0.00022684748364554252,0.9997731596231461
519,0.9999454319477081,5.455150608213444e-05
520,9.874544866761426e-05,0.9999012500047684
521,6.650431669186219e-05,0.9999335408210754
522,0.00019282568700873526,0.9998071789741516
523,0.7046717164339498,0.2953283181414008
524,0.9998875707387924,0.00011240528237976832
525,0.00010154901815440098,0.9998984783887863
526,0.9998330324888229,0.0001669764460530132
527,8.483582678309176e-05,0.9999151974916458
528,0.00037821426394657465,0.999621793627739
529,0.003519321278872667,0.9964806884527206
530,9.3182451564644e-05,0.9999068230390549
531,0.9998699575662613,0.00013002942250750493
532,5.4453145821753424e-05,0.9999455511569977
533,0.00011491673058117158,0.9998850673437119
534,0.004221324395984993,0.9957786798477173
535,0.23478067912219558,0.7652193084359169
536,7.320179929592996e-05,0.9999268054962158
537,0.9999263882637024,7.362627184193116e-05
538,0.0002484015203663148,0.9997515827417374
539,7.599687569381786e-05,0.999923974275589
540,0.9998235106468201,0.00017649444816925097
541,0.9999448955059052,5.513082305697026e-05
542,0.0037108060423634015,0.9962892383337021
543,9.904230773827294e-05,0.9999009370803833
544,0.9998301565647125,0.00016986589616863057
545,0.9998918920755386,0.00010808692968566902
546,0.9999350905418396,6.488764347523102e-05
547,0.08732569636777043,0.9126742631196976
548,0.9999489784240723,5.102082468511071e-05
549,0.9999315142631531,6.8440602717601e-05
550,0.9999510049819946,4.8981136842485284e-05
551,0.007516095451137517,0.9924838691949844
552,4.910940333502367e-05,0.9999508857727051
553,0.00011833572170871776,0.9998816400766373
554,0.9999171495437622,8.284895375254564e-05
555,0.0001747843414250383,0.9998252391815186
556,0.0001100861936720321,0.9998898953199387
557,0.9999330341815948,6.694949911434378e-05
558,5.489003820002836e-05,0.9999451041221619
559,0.0003286893042968586,0.9996713399887085
560,6.839691604909603e-05,0.9999316036701202
561,0.0010113918033312075,0.99898861348629
562,0.99992835521698,7.1658309934719e-05
563,0.9998783022165298,0.00012170869467809098
564,0.9998622834682465,0.00013772194188277354
565,0.9955703467130661,0.004429672364494763
566,0.9999379813671112,6.202518443387817e-05
567,6.0585825394809945e-05,0.9999394118785858
568,0.0003954890198656358,0.9996045231819153
569,0.9654420614242554,0.03455793040484423
570,0.010177163738262607,0.9898228496313095
571,0.0003584033247534535,0.9996416419744492
572,0.9998879134654999,0.00011208377327420749
573,0.9999397695064545,6.0231708630453795e-05
574,0.9998906552791595,0.00010934486999758519
575,0.999869704246521,0.00013030433456151513
576,0.9999100714921951,8.993348205876828e-05
577,0.004791494397068163,0.9952085167169571
578,7.80610407673521e-05,0.9999219328165054
579,0.9998489320278168,0.0001510711281298427
580,0.9998834431171417,0.00011653971569103305
581,0.999920517206192,7.949355085656862e-05
582,6.855107153569406e-05,0.9999314546585083
583,0.9996937662363052,0.00030626329134975094
584,0.9999565184116364,4.346562764112605e-05
585,0.0004893594887107611,0.9995106607675552
586,8.798012459010351e-05,0.9999120086431503
587,7.708380644544377e-05,0.999922901391983
588,0.9997307807207108,0.00026920039044853183
589,0.0002891690073738573,0.9997108429670334
590,0.9998766630887985,0.00012335245651229343
591,9.467183508604649e-05,0.9999053329229355
592,7.989107052708277e-05,0.9999200999736786
593,0.0026317221636418253,0.9973683059215546
594,0.00020019634212076198,0.9997997730970383
595,0.00015604624172738113,0.9998439252376556
596,7.071391473800759e-05,0.9999292492866516
597,0.9999527037143707,4.7295159220084315e-05
598,0.9999395608901978,6.0416785345296375e-05
599,0.9991307854652405,0.0008692153442098061
600,9.689546823210549e-05,0.999903067946434
601,0.9997334629297256,0.00026653532859199913
602,0.9999361038208008,6.388862220774172e-05
603,0.999718427658081,0.0002815782372636022
604,0.001529139301055693,0.9984708577394485
605,0.0002702503861655714,0.999729722738266
606,0.00219238303907332,0.9978075921535492
607,0.00014916752161298064,0.9998508393764496
608,0.9998091161251068,0.00019089356305812544
609,0.0002010138459809241,0.999798983335495
610,9.376819116369006e-05,0.9999062418937683
611,6.681304671474209e-05,0.9999331831932068
612,0.00010607204194457154,0.999893918633461
613,0.9999629855155945,3.698017485476157e-05
614,0.9998889714479446,0.00011102544294772088
615,0.9998697638511658,0.0001302699402003782
616,0.0019066361019213218,0.9980933368206024
617,8.380615304304229e-05,0.9999161809682846
618,0.00012528276101875235,0.9998747259378433
619,0.9999201446771622,7.985159913914686e-05
620,0.9999482035636902,5.179041886549385e-05
621,0.9799935221672058,0.020006464063044405
622,5.627655673379195e-05,0.999943733215332
623,0.0033093912461481523,0.9966906160116196
624,0.6749423267319798,0.3250576776699745
625,0.00013584150588030752,0.9998641759157181
626,0.9659436047077179,0.034056419168337015
627,0.0005531775318559085,0.9994468241930008
628,0.9997950494289398,0.00020496127399383113
629,0.00011428275365688023,0.9998857527971268
630,5.687678003596375e-05,0.9999431073665619
631,0.00011414822665756219,0.9998858422040939
632,0.9998971372842789,0.00010283508549946418
633,0.04799365747931006,0.952006384730339
634,5.605086062132614e-05,0.9999439418315887
635,0.9981272369623184,0.0018727451551967533
636,0.9999202936887741,7.970963952175225e-05
637,0.9996393769979477,0.00036059567810298176
638,0.9999321103096008,6.787544521102973e-05
639,0.795595332980156,0.20440467074513435
640,0.9997365772724152,0.0002633989811329229
641,0.00017393623966199812,0.9998260587453842
642,0.5088240489276359,0.49117593676783144
643,0.9997395873069763,0.00026043066100100987
644,8.716663887753384e-05,0.9999128431081772
645,0.0001804008297767723,0.9998195767402649
646,0.0002834015410826396,0.999716579914093
647,0.07301145978817658,0.9269885569810867
648,6.522844319079013e-05,0.9999347627162933
649,0.8224887400865555,0.17751128000963945
650,6.206610805747914e-05,0.9999379515647888
651,0.9998922795057297,0.0001077312913366768
652,0.0002787389635159343,0.9997212588787079
653,0.9998918622732162,0.0001081401651390479
654,0.0002130788411704998,0.9997868835926056
655,7.401595121336868e-05,0.999925971031189
656,0.0013253966008051066,0.998674601316452
657,0.0001273451380257029,0.9998726695775986
658,0.9988400936126709,0.0011598899509408511
659,0.0010728264078352368,0.9989271759986877
660,0.0012436606984920218,0.9987563192844391
661,7.358237235166598e-05,0.9999264180660248
662,0.00017530963123135734,0.9998247027397156
663,0.7366485283710063,0.2633514733752236
664,0.05702634155750275,0.9429736882448196
665,0.01459358970168978,0.9854064434766769
666,0.9998895078897476,0.00011048443775507621
667,0.9989458173513412,0.0010541646588535514
668,7.703306619077921e-05,0.9999229609966278
669,0.00010986408915414358,0.9998901039361954
670,0.009678258278654539,0.9903217554092407
671,9.354264329886064e-05,0.9999064654111862
672,0.9999340772628784,6.59073839415214e-05
673,0.9998826831579208,0.00011730623828043463
674,0.734480693936348,0.2655193153768778
675,0.9999120831489563,8.79208776041196e-05
676,7.829897458577761e-05,0.9999216794967651
677,0.005883100995561108,0.9941169023513794
678,0.9998812675476074,0.0001187508560178685
679,0.0001179689570562914,0.9998820275068283
680,6.184633548400598e-05,0.9999381601810455
681,0.9999518990516663,4.809696156371501e-05
682,0.00012321493341005407,0.9998767822980881
683,0.9999529421329498,4.705305468633014e-05
684,0.0007429276356560877,0.9992570728063583
685,0.00010373681948294688,0.9998962730169296
686,5.326250038706348e-05,0.9999467432498932
687,0.0018063981115119532,0.9981936067342758
688,0.9993855357170105,0.0006144686640254804
689,0.9999155253171921,8.446116817140137e-05
690,0.07700611819518599,0.9229938834905624
691,0.9926935881376266,0.0073064277803496225
692,0.07982176059158519,0.920178234577179
693,0.9999229311943054,7.703605092501675e-05
694,0.9999064356088638,9.357575254398398e-05
695,0.17620319182424282,0.823796808719635
696,0.9999480247497559,5.1995493322465336e-05
697,0.9999169260263443,8.309756867674878e-05
698,0.9999419748783112,5.801470206279191e-05
699,0.9983961582183838,0.0016038202647905564
700,0.9999217391014099,7.823542409823858e-05
701,7.795070314386976e-05,0.9999220669269562
702,0.0011461559479357675,0.9988538473844528
703,0.9997522234916687,0.00024778742090347805
704,0.000152587243292146,0.9998473972082138
705,5.2822304496658035e-05,0.999947190284729
706,9.913058465826907e-05,0.9999008625745773
707,0.0001336110303782334,0.9998664110898972
708,0.401916166767478,0.5980838127434254
709,9.222726544066973e-05,0.9999077469110489
710,0.9977419078350067,0.002258083753986284
711,0.9962683022022247,0.003731699769559782
712,6.820238013460767e-05,0.9999317824840546
713,0.0001384713955303596,0.9998615235090256
714,0.9999434053897858,5.6585209676995873e-05
715,0.9999429881572723,5.704085810975812e-05
716,0.8244195654988289,0.17558045219630003
717,0.9999421536922455,5.782521384389838e-05
718,0.7290032091550529,0.27099678572267294
719,0.9997509866952896,0.0002490352799213724
720,0.06999479491787497,0.9300051927566528
721,0.9999066144227982,9.338755580756697e-05
722,0.9988835901021957,0.0011164290663145948
723,0.9998779892921448,0.00012203194683024776
724,0.9999065697193146,9.342224086594797e-05
725,0.9994872659444809,0.0005127335361976293
726,0.999910980463028,8.90135602276132e-05
727,0.9994199126958847,0.0005800776862088242
728,0.9999287873506546,7.119579527170572e-05
729,7.37426889827475e-05,0.999926283955574
730,0.9998606890439987,0.0001393061907037918
731,0.01401740858273115,0.9859825819730759
732,0.999810516834259,0.00018946014461107552
733,0.283550011459738,0.7164499810896814
734,0.0001210111959153437,0.9998789876699448
735,0.8949114978313446,0.10508848516656144
736,0.9599662274122238,0.04003375499451067
737,0.9998891800642014,0.00011081548655056395
738,0.5799400135874748,0.42006001012487104
739,0.00012067888883393607,0.999879315495491
740,9.085617671189539e-05,0.9999091178178787
741,6.836490410933038e-05,0.9999316036701202
742,0.999934583902359,6.54261484669405e-05
743,0.0007169180644268636,0.999283030629158
744,0.9999174475669861,8.254141584984609e-05
745,0.9990716427564621,0.0009283568792852748
746,8.043217985687079e-05,0.9999195635318756
747,0.9998914450407028,0.00010855434720724588
748,0.9999438524246216,5.6143572237488115e-05
749,0.008111368777463213,0.991888627409935
750,0.0035000474726984976,0.9964999556541443
751,0.999817356467247,0.00018268126996190404
752,0.9983262568712234,0.0016737382811697898
753,5.1455458560667466e-05,0.9999485313892365
754,6.077385523894918e-05,0.9999392330646515
755,0.9997286647558212,0.00027133877301821485
756,0.9999272525310516,7.273733899637591e-05
757,0.00012555168586914078,0.9998744279146194
758,0.9999535977840424,4.6413446852966445e-05
759,0.9999210238456726,7.897516411503602e-05
760,0.9999000579118729,9.992395644076169e-05
761,0.0002884118061956542,0.9997115880250931
762,0.0002561944111221237,0.9997438043355942
763,0.9985746294260025,0.001425352158548776
764,0.9998831748962402,0.00011680112322665082
765,0.9999156147241592,8.44056928599457e-05
766,0.9999462068080902,5.376977378546144e-05
767,0.0003000351589435013,0.9996999651193619
768,0.9999378025531769,6.222091064955748e-05
769,0.9999280571937561,7.193447981990175e-05
770,7.755922979413299e-05,0.9999224245548248
771,0.9963739216327667,0.0036260592059988994
772,0.9998539984226227,0.0001460109747313254
773,0.9999578595161438,4.2148797774643754e-05
774,0.0008107026560537633,0.9991892874240875
775,9.874656961983419e-05,0.9999012500047684
776,6.43438434053678e-05,0.999935656785965
777,0.007938946410831704,0.9920610785484314
778,0.9999178200960159,8.217624235840049e-05
779,8.635020913061453e-05,0.9999136328697205
780,0.00012061114375683246,0.999879390001297
781,9.211155156663153e-05,0.9999078959226608
782,0.9998564124107361,0.00014363137916006963
783,0.9999145120382309,8.546286380806123e-05
784,0.9928467273712158,0.007153269654736505
785,0.00041966310163843445,0.9995803087949753
786,0.3480191380949691,0.6519808936864138
787,0.9998552203178406,0.00014478462844635942
788,0.9999198466539383,8.01730928969846e-05
789,5.47852821455308e-05,0.999945193529129
790,0.1357161189080216,0.864283874630928
791,0.8922549039125443,0.10774509666953236
792,0.00017496441387265804,0.999825045466423
793,8.997477061711834e-05,0.9999100267887115
794,0.9994570910930634,0.000542907493581879
795,0.23441410621308023,0.7655859161168337
796,0.9999413192272186,5.8666042605182156e-05
797,0.9989199191331863,0.001080051442841068
798,0.9998737573623657,0.00012623586985682778
799,0.00029751629335805774,0.9997024834156036
800,0.9999320805072784,6.793328020648914e-05
801,0.9999532699584961,4.675193122238852e-05
802,7.382925332422019e-05,0.9999261498451233
803,0.9999204576015472,7.955432738526724e-05
804,0.9999394714832306,6.052601497685828e-05
805,0.9995682835578918,0.0004316704180382658
806,0.999923825263977,7.61919636715902e-05
807,6.478551881627936e-05,0.9999352097511292
808,6.473877533608174e-05,0.9999352395534515
809,0.00016987887283903547,0.9998301267623901
810,0.08114922305685468,0.918850764632225
811,0.9999526739120483,4.732442766908207e-05
812,0.9999144226312637,8.561684319374763e-05
813,0.005206197342886298,0.9947938024997711
814,0.999948263168335,5.1740215667450684e-05
815,0.9899639636278152,0.010036031071649631
816,0.9999102503061295,8.970775479610893e-05
817,0.9998672306537628,0.00013276583365495753
818,0.0001233286202477757,0.9998766779899597
819,0.6309338733553886,0.3690661443397403
820,7.86163259363093e-05,0.9999213963747025
821,0.9999262690544128,7.371785068244208e-05
822,0.9999328553676605,6.713396328450472e-05
823,0.0002328356549696764,0.9997671395540237
824,0.9946469962596893,0.005352992846383131
825,5.153938400326297e-05,0.9999484717845917
826,0.00010381578067608643,0.9998961836099625
827,9.645665727475716e-05,0.9999035745859146
828,0.99994295835495,5.703651936528331e-05
829,0.9996308386325836,0.00036918518344464246
830,0.00018545908460509963,0.9998145252466202
831,4.630264095339953e-05,0.9999537169933319
832,0.0017682531506579835,0.9982317388057709
833,0.99993035197258,6.966186265344732e-05
834,6.1011669458821416e-05,0.9999389946460724
835,0.00013534857407648815,0.9998646378517151
836,6.543775543832453e-05,0.9999345541000366
837,0.9998432099819183,0.00015679216085118242
838,0.0229462014613091,0.9770538061857224
839,0.989843025803566,0.010156951379030943
840,0.9999193847179413,8.061693756644672e-05
841,0.00010627286246744916,0.9998937398195267
842,0.9999315440654755,6.84591727804218e-05
843,0.9996512234210968,0.0003487470057734754
844,0.1372693392322617,0.8627306520938873
845,0.9998425841331482,0.00015738354886707384
846,0.9999121427536011,8.782254508332699e-05
847,6.734837484145828e-05,0.9999326467514038
848,0.9999414682388306,5.8516018725640606e-05
849,0.9999608397483826,3.9153513625933556e-05
850,6.53647393846768e-05,0.9999346435070038
851,9.421857566849212e-05,0.9999057501554489
852,0.9999420940876007,5.7919466598832514e-05
853,7.694659257140302e-05,0.999923050403595
854,0.9999304115772247,6.960418068047147e-05
855,8.47623507524986e-05,0.9999152272939682
856,0.00010520640762479161,0.9998948127031326
857,0.9999454319477081,5.4523673043149756e-05
858,0.0012298583810661512,0.998770147562027
859,0.00019938622290283092,0.9998005926609039
860,9.133142157224938e-05,0.9999086558818817
861,6.151760271677631e-05,0.9999384582042694
862,0.0001975551222130889,0.9998024702072144
863,9.492472099736915e-05,0.999905064702034
864,0.00020171462165308185,0.9997982680797577
865,0.0012867939067291445,0.9987132102251053
866,0.9999297261238098,7.026635694273864e-05
867,0.00011715460004779743,0.9998828619718552
868,0.0003041963173018303,0.99969582259655
869,0.9999518394470215,4.8153206535062054e-05
870,0.13466452248758287,0.8653354719281197
871,0.9624985009431839,0.03750151241547428
872,0.9999007731676102,9.92319946817588e-05
873,7.339548847085098e-05,0.9999265968799591
874,0.9998449385166168,0.00015506581507906958
875,0.9999187588691711,8.12599964774563e-05
876,0.00017765578468242893,0.9998223781585693
877,0.9999346435070038,6.534910448863229e-05
878,0.989113911986351,0.010886108579143183
879,0.0006655301394857815,0.9993344694375992
880,0.9987761527299881,0.001223857025252073
881,0.9924639910459518,0.007535963011832791
882,0.9992903769016266,0.0007096290023582696
883,0.7571113351732492,0.2428886823472567
884,0.00012240833166288212,0.9998775869607925
885,0.9978255927562714,0.0021744287041656207
886,0.9908783584833145,0.00912164891451539
887,0.9999032467603683,9.676511126599507e-05
888,0.024072136721997595,0.975927859544754
889,0.00035324591044627596,0.9996467679738998
890,0.9998798072338104,0.00012017361223115586
891,0.00028766746072506066,0.9997123032808304
892,0.0003311327691335464,0.9996688514947891
893,0.9994460344314575,0.0005539557273550599
894,0.0002847234727596515,0.999715268611908
895,0.9998184442520142,0.0001815323394112056
896,0.9999268800020218,7.311962394851435e-05
897,0.9999108165502548,8.916879664866428e-05
898,0.9999462962150574,5.3710077509094845e-05
899,0.00853778765304014,0.9914622008800507
900,0.0001396831019064848,0.9998603165149689
901,0.9961074739694595,0.003892525870469399
902,0.9999087601900101,9.12212667572021e-05
903,0.8673118948936462,0.132688082405366
904,0.9997421354055405,0.00025787211143324384
905,0.09843119868310168,0.9015688002109528
906,0.9839488118886948,0.016051203943789005
907,0.9999200254678726,7.998676142051409e-05
908,0.008811019884888083,0.9911889880895615
909,0.9999271184206009,7.290666485459951e-05
910,0.999937504529953,6.247447959140118e-05
911,0.00020158641427769908,0.9997984021902084
912,0.9593682587146759,0.04063174753537169
913,7.38134599487239e-05,0.9999261796474457
914,0.9998985677957535,0.0001014470344671281
915,0.9998573064804077,0.00014268807444750564
916,0.9998836368322372,0.00011636629642453045
917,0.0011745934025384486,0.9988254010677338
918,0.0035956715801148675,0.9964043200016022
919,0.9992687255144119,0.0007312708100926102
920,8.024485850910423e-05,0.9999197423458099
921,6.114316215644067e-05,0.9999388456344604
922,0.0016897012101253495,0.9983102977275848
923,0.9999452531337738,5.4770702263340354e-05
924,0.9993727058172226,0.0006272698019529344
925,0.2484258096155827,0.7515741938259453
926,0.9967524260282516,0.0032475894968229113
927,0.000641869795799721,0.9993581026792526
928,0.04524519325786969,0.9547548145055771
929,0.00020559389940899564,0.9997944384813309
930,8.513078500982374e-05,0.9999148696660995
931,0.9998108148574829,0.00018917633678938728
932,0.9999088943004608,9.10726785150473e-05
933,5.2702062248499715e-05,0.9999473094940186
934,4.9119887762572034e-05,0.9999508559703827
935,0.1996391914508422,0.8003608286380768
936,0.9998379200696945,0.00016210831108764978
937,0.9999242722988129,7.571673040729365e-05
938,0.9998570084571838,0.00014297575853561284
939,0.9999157935380936,8.420178698997915e-05
940,0.9995282143354416,0.0004717869787782547
941,0.9998988658189774,0.000101149827514746
942,0.9999121278524399,8.786622970546887e-05
943,5.496184576259111e-05,0.9999450445175171
944,0.006967646593693644,0.9930323660373688
945,0.9999260604381561,7.395369357254822e-05
946,0.00036998058135395695,0.999630019068718
947,0.9999328553676605,6.7127070906281e-05
948,0.9999516606330872,4.8353595957451034e-05
949,9.319417677033925e-05,0.9999068081378937
950,0.03675765143998433,0.9632423669099808
951,0.03759378017275594,0.9624062329530716
952,8.454516228084685e-05,0.9999154508113861
953,0.0004609346760844346,0.9995390474796295
954,5.242299334895506e-05,0.99994757771492
955,5.098980659568042e-05,0.9999490082263947
956,0.9999193847179413,8.062738379521761e-05
957,0.9955095797777176,0.004490439162509574
958,0.9997649043798447,0.00023508923186454922
959,7.406827398881433e-05,0.9999259412288666
960,0.9998668730258942,0.0001331596722593531
961,0.9999287128448486,7.126567993509525e-05
962,0.0020885736976197222,0.9979114234447479
963,4.823251947527751e-05,0.9999517798423767
964,0.012538852943180245,0.9874611645936966
965,0.9999083131551743,9.167901714590698e-05
966,0.9998910278081894,0.00010899897961280658
967,0.9997464716434479,0.00025353291835017444
968,0.9995589107275009,0.0004410984693095088
969,0.9999514818191528,4.849923516303534e-05
970,0.9989814907312393,0.0010184980110352626
971,0.9998990446329117,0.00010093230866914382
972,6.182342963256815e-05,0.9999381899833679
973,0.9999134242534637,8.659230707053212e-05
974,0.9999426007270813,5.7397048294660635e-05
975,0.00038764604141761083,0.9996123611927032
976,0.9997435957193375,0.00025641447018642793
977,0.9999350309371948,6.496504101960454e-05
978,0.9998724609613419,0.00012754675458381826
979,0.999876081943512,0.00012390759457048262
980,0.00010952036836897605,0.9998904913663864
981,0.9998790174722672,0.00012095728470740141
982,8.953926408139523e-05,0.9999104887247086
983,8.906176162781776e-05,0.9999109357595444
984,6.535467946378049e-05,0.9999346435070038
985,0.999927431344986,7.255836999320309e-05
986,0.9997862875461578,0.0002137053954811563
987,0.29827024787664413,0.7017297475831583
988,0.00015346149393735686,0.9998465478420258
989,5.897377832297934e-05,0.9999410212039948
990,0.9999005347490311,9.944195653588395e-05
991,0.46721444008289836,0.5327855735376943
992,0.999941498041153,5.850791603734251e-05
993,0.9999403357505798,5.9664058881025994e-05
994,0.9996151775121689,0.0003848095448120148
995,6.932186488484149e-05,0.9999306797981262
996,0.9993083328008652,0.0006916281427038484
997,0.9999558627605438,4.41341956047836e-05
998,0.9997022300958633,0.0002977397548420413
999,0.9999333322048187,6.666221884188417e-05
1000,0.9999246448278427,7.533336929554935e-05
1001,0.9999166280031204,8.333637242685654e-05
1002,0.006322978140815394,0.9936770349740982
1003,0.00017450814266339876,0.9998254626989365
1004,0.999538391828537,0.00046158923532857443
1005,0.6454962193965912,0.3545037587173283
1006,0.9995703995227814,0.0004295816897865734
1007,6.49899095606088e-05,0.99993497133255
1008,0.9965310543775558,0.0034689708991209045
1009,0.9999553263187408,4.46456101599324e-05
1010,0.7361184507608414,0.26388155149834347
1011,0.023755838265060447,0.9762441515922546
1012,0.00023201533645078598,0.9997679591178894
1013,5.37423459263664e-05,0.999946266412735
1014,0.9999154508113861,8.453354985249462e-05
1015,0.9139146357774734,0.08608538549742661
1016,0.0001625503118702909,0.9998374283313751
1017,0.9996808618307114,0.00031911174482956994
1018,5.291546335683961e-05,0.9999471008777618
1019,0.00035333300729689654,0.9996466338634491
1020,0.9999326467514038,6.736107616234221e-05
1021,0.00013129058015692863,0.9998687207698822
1022,0.015788363729370758,0.9842116236686707
1023,0.0002764600044429244,0.9997235238552094
1024,7.196991691671428e-05,0.9999279975891113
1025,0.9999309480190277,6.903356916154735e-05
1026,0.44585038255900145,0.5541496090590954
1027,0.9999599456787109,4.00634405650635e-05
1028,0.9999551773071289,4.480280585994478e-05
1029,0.999784529209137,0.000215427126022405
1030,0.9999150484800339,8.496540499436378e-05
1031,9.949304330802988e-05,0.9999005049467087
1032,0.9999166429042816,8.335020379490743e-05
1033,0.9999338686466217,6.611352273466764e-05
1034,0.000110564726355733,0.9998894482851028
1035,0.8760607093572617,0.12393929125391878
1036,0.9999155402183533,8.447509071629611e-05
1037,0.9999473690986633,5.2639329396697576e-05
1038,0.9999465048313141,5.3465494374904665e-05
1039,0.010686521953175543,0.9893134534358978
1040,0.9999239146709442,7.603835092595546e-05
1041,0.001089765315555269,0.9989102631807327
1042,0.0005805374312330969,0.9994194358587265
1043,0.999907597899437,9.242245005225413e-05
1044,0.10445348445500713,0.8955465257167816
1045,0.00019075956515735015,0.9998092502355576
1046,0.9999246597290039,7.533309917562292e-05
1047,0.999797135591507,0.0002028373116900184
1048,0.14053714187684818,0.8594628721475601
1049,0.9999416470527649,5.836509194523387e-05
1050,8.747194124225643e-05,0.9999125003814697
1051,0.0003480139594103093,0.9996519684791565
1052,7.394014937744942e-05,0.9999260306358337
1053,0.0002666938280526665,0.9997332990169525
1054,5.3150304665905423e-05,0.9999468326568604
1055,0.00013622861843032297,0.9998637735843658
1056,0.0002811000194924418,0.9997189044952393
1057,0.9999285638332367,7.144266919567599e-05
1058,0.0005860508408659371,0.9994139671325684
1059,6.904295310050657e-05,0.9999309778213501
1060,6.0063611726945965e-05,0.9999399185180664
1061,0.00016063073417171836,0.9998393505811691
1062,0.9999228417873383,7.716403615631862e-05
1063,0.9999196380376816,8.03676484792959e-05
1064,5.3346740060078446e-05,0.9999466240406036
1065,0.0001077801034625736,0.9998922199010849
1066,0.9999444484710693,5.554623339776299e-05
1067,0.9999267607927322,7.323148975046934e-05
1068,6.804556960560149e-05,0.9999319612979889
1069,7.654230330444989e-05,0.999923437833786
1070,7.044762787700165e-05,0.9999295473098755
1071,0.9999170303344727,8.295939323943458e-05
1072,0.9998818635940552,0.00011815130892500747
1073,0.9999042749404907,9.570432393957162e-05
1074,0.02768102809568518,0.9723189920186996
1075,0.00014899349207553314,0.9998510032892227
1076,0.00021737708266300615,0.9997826367616653
1077,0.9998794198036194,0.00012058524634994683
1078,0.5979331952985376,0.40206681238487363
1079,0.9999087452888489,9.125990936809103e-05
1080,0.0045665589277632535,0.995433434844017
1081,0.005211145064095035,0.9947888553142548
1082,0.9971059709787369,0.002894032328185858
1083,6.464521811722079e-05,0.9999353587627411
1084,0.9998558610677719,0.00014411695065064123
1085,0.9998322129249573,0.0001677828086030786
1086,0.0001276322000194341,0.9998723715543747
1087,0.9998738914728165,0.0001260825074496097
1088,0.9999054819345474,9.450462948734639e-05
1089,0.9999166578054428,8.335729626196553e-05
1090,0.9999006241559982,9.940674590325216e-05
1091,0.6703801453113556,0.3296198499156162
1092,0.9999401569366455,5.984326935504214e-05
1093,0.9998599588871002,0.00014004975491843652
1094,9.639903146307915e-05,0.999903604388237
1095,0.0010031365309259854,0.9989968687295914
1096,0.03164235198346432,0.968357652425766
1097,0.999956488609314,4.350468429947796e-05
1098,0.9999310076236725,6.897992739141046e-05
1099,0.9997904598712921,0.00020952005979779642
1100,9.461555555390078e-05,0.9999053925275803
1101,7.239586739160586e-05,0.9999275803565979
1102,0.9997243285179138,0.0002756954272626899
1103,0.9906184822320938,0.009381511365063488
1104,6.245436566132412e-05,0.9999375641345978
1105,0.0018384758004685864,0.9981614947319031
1106,0.9999025911092758,9.741953181219287e-05
1107,7.012097194092348e-05,0.9999299049377441
1108,0.00017940279849426588,0.9998206049203873
1109,5.982828406558838e-05,0.9999401867389679
1110,6.45913439711876e-05,0.9999353885650635
1111,0.9999416470527649,5.8324667406850494e-05
1112,0.0001746165553413448,0.9998254030942917
1113,0.9998960047960281,0.00010401600047771353
1114,0.0001826142279242049,0.999817356467247
1115,0.0001640816917642951,0.9998359084129333
1116,0.1721076693102077,0.8278923630714417
1117,0.9999361038208008,6.388387782862992e-05
1118,0.0008969198461272754,0.9991030842065811
1119,7.543638457718771e-05,0.9999245703220367
1120,9.312588099419372e-05,0.9999068677425385
1121,0.9998932331800461,0.00010675540920601634
1122,0.00017748413119988982,0.9998224973678589
1123,0.00010365685648139333,0.9998963326215744
1124,0.060671009348880034,0.939328983426094
1125,0.9999350011348724,6.500853623947478e-05
1126,5.672604947903892e-05,0.9999432861804962
1127,7.005543284321902e-05,0.9999299049377441
1128,0.040075279990560375,0.959924727678299
1129,0.9999276995658875,7.230435335259244e-05
1130,0.9998831897974014,0.00011681053820211673
1131,6.87253757405415e-05,0.9999312460422516
1132,0.0001701057863101596,0.9998298734426498
1133,0.9961601048707962,0.0038398937467718497
1134,0.9999349415302277,6.507427451651893e-05
1135,0.0002965313969980343,0.9997034668922424
1136,0.9999172240495682,8.279754342765955e-05
1137,0.9999094903469086,9.052421091837459e-05
1138,0.6672579292207956,0.33274204793269746
1139,0.002493661111657275,0.9975063353776932
1140,0.3628418658990995,0.6371581461207825
1141,0.9998728185892105,0.00012717738468381867
1142,0.9998199343681335,0.00018006839673034847
1143,0.9998102337121964,0.00018977728996105725
1144,0.47429881338757696,0.5257011827488896
1145,0.9993381202220917,0.000661884987493977
1146,0.9999486804008484,5.131771195010515e-05
1147,0.00011193597129022237,0.9998880475759506
1148,0.9989254027605057,0.0010745860727183754
1149,0.9998067170381546,0.00019328916050653788
1150,0.00023181107826530933,0.9997681826353073
1151,0.0007854197956476128,0.9992145895957947
1152,0.0002470798935974017,0.9997529089450836
1153,6.140806954135769e-05,0.999938577413559
1154,0.9848291575908661,0.015170825617133232
1155,0.9999578893184662,4.2119735098822275e-05
1156,0.7791100740432739,0.22088996246748138
1157,0.9999252706766129,7.470083346561296e-05
1158,0.9999234676361084,7.64769802117371e-05
1159,0.9995781034231186,0.00042189541136394837
1160,0.0004348351139924489,0.9995651990175247
1161,0.4789710172917694,0.5210289843380451
1162,0.9998980611562729,0.00010190860530201462
1163,0.999894842505455,0.00010513397774047917
1164,0.9999123066663742,8.76814001458115e-05
1165,0.00027819683054985944,0.9997218102216721
1166,8.375648826586257e-05,0.9999162554740906
1167,0.9999131262302399,8.685845659783809e-05
1168,0.9999479651451111,5.2028001846338157e-05
1169,7.213556727947434e-05,0.999927818775177
1170,0.04177143765264191,0.9582285434007645
1171,0.9999293982982635,7.060003235892509e-05
1172,0.999861091375351,0.000138921530378866
1173,0.999938428401947,6.161073724797461e-05
1174,0.9999302923679352,6.969048808969092e-05
1175,0.9924976825714111,0.00750231010169955
1176,0.999936044216156,6.394920683305827e-05
1177,0.9999184608459473,8.152492182489368e-05
1178,0.9997965842485428,0.00020341991694294848
1179,0.0005707598056687857,0.9994292557239532
1180,0.9999436140060425,5.63649057312432e-05
1181,0.00046166576612449717,0.999538317322731
1182,0.9999148547649384,8.512331169185927e-05
1183,8.162098720276845e-05,0.9999183714389801
1184,0.9999489784240723,5.100124212731316e-05
1185,0.9960555136203766,0.003944472235161811
1186,0.9999072402715683,9.279349796997849e-05
1187,0.00012206258634250844,0.9998779296875
1188,0.9964316636323929,0.0035683477472048253
1189,0.31508661013504025,0.6849133782088757
1190,0.9999364018440247,6.360270435834536e-05
1191,0.9348081648349762,0.06519185647903214
1192,0.9998669028282166,0.00013311527527548606
1193,7.246922677950351e-05,0.9999275207519531
1194,0.9998792707920074,0.00012073150310243363
1195,0.2579746984411031,0.7420253027230501
1196,0.9997661858797073,0.00023379577578452881
1197,0.9999497532844543,5.023008702664811e-05
1198,0.9999343454837799,6.564699924638262e-05
1199,0.9998686909675598,0.0001313054644924705
1200,0.00015970768390616286,0.9998402893543243
1201,6.28867455816362e-05,0.9999370872974396
1202,0.9998999089002609,0.00010008956246565504
1203,0.9999327957630157,6.72137130095507e-05
1204,7.711274474786478e-05,0.999922901391983
1205,0.00011437904731792514,0.999885618686676
1206,0.00048048715507320594,0.9995195269584656
1207,0.00013959636748950288,0.9998604506254196
1208,0.9992209672927856,0.0007790256722728373
1209,9.543242049403489e-05,0.9999045878648758
1210,0.9997223019599915,0.0002776938586066535
1211,0.9998878687620163,0.00011210240518266801
1212,0.9996797889471054,0.0003202348661943688
1213,9.252919016944361e-05,0.999907448887825
1214,0.17562646855367348,0.8243735581636429
1215,0.00394537061220035,0.9960546493530273
1216,0.9998910874128342,0.00010892948921537027
1217,0.575973435305059,0.4240265591070056
1218,0.9999393224716187,6.065496495466505e-05
1219,0.9999044686555862,9.552577193971956e-05
1220,0.20179280621778162,0.798207201063633
1221,0.035255841838079505,0.9647441357374191
1222,0.9998215138912201,0.00017850356834969716
1223,0.03205482463908993,0.9679451733827591
1224,0.9999561011791229,4.388771935737168e-05
1225,0.9999310672283173,6.892929718560481e-05
1226,0.9999109953641891,8.900355123842019e-05
1227,0.9999030083417892,9.700680948299123e-05
1228,0.9995625913143158,0.00043741056651924737
1229,0.9999079704284668,9.201788270729594e-05
1230,0.9999372661113739,6.272672385421174e-05
1231,0.2507043445657473,0.7492956705391407
1232,5.747544446421671e-05,0.9999425411224365
1233,0.9999409019947052,5.909288199745788e-05
1234,7.314301183214411e-05,0.9999268651008606
1235,0.0007301126929633028,0.999269887804985
1236,0.31165819392481353,0.6883418206125498
1237,0.9984566420316696,0.0015433732187375426
1238,0.0005880985327166854,0.9994119256734848
1239,0.0658258522671531,0.9341741353273392
1240,0.9999155551195145,8.445584171568044e-05
1241,0.9999206215143204,7.935713392726029e-05
1242,0.5566665203368757,0.4433334730565548
1243,0.00017333503819827456,0.999826654791832
1244,0.4849128753412515,0.5150871388614178
1245,0.9999518990516663,4.8098056140588596e-05
1246,0.9999337792396545,6.623735544053488e-05
1247,0.9999358355998993,6.417954409698723e-05
1248,0.007579545919725206,0.9924204498529434
1249,0.9319858402013779,0.0680141436678241
1250,0.353218661097344,0.6467813448980451
1251,0.25449882383691147,0.7455011939746328
1252,0.10355684999376535,0.8964431285858154
1253,0.9999565780162811,4.339225733929197e-05
1254,9.993303365263273e-05,0.9999000579118729
1255,0.9999306499958038,6.931415600774926e-05
1256,0.004604041008860804,0.9953959286212921
1257,0.00011654991794785019,0.9998834133148193
1258,0.9986039251089096,0.0013960594624222722
1259,0.999943882226944,5.6112340644176584e-05
1260,0.9999046176671982,9.537270716464263e-05
1261,0.9999218285083771,7.816460674803238e-05
1262,0.9999262690544128,7.373247308350983e-05
1263,5.3762708375870716e-05,0.9999462068080902
1264,0.0001240467877323681,0.9998759478330612
1265,0.2697955048934091,0.7302044667303562
1266,0.0012502882309490815,0.998749703168869
1267,5.1507049647625536e-05,0.9999485015869141
1268,0.9999205768108368,7.941175749692775e-05
1269,0.0009181615200759552,0.9990818500518799
1270,0.9852812439203262,0.014718778342285077
1271,0.9999305605888367,6.944614369785995e-05
1272,0.999457597732544,0.0005424204955488676
1273,6.20333812548779e-05,0.9999379515647888
1274,0.008843937715028005,0.9911560416221619
1275,0.999792143702507,0.0002078421566693578
1276,0.08389271599298809,0.9161072820425034
1277,6.330095948214876e-05,0.9999366998672485
1278,0.00015196940148598514,0.9998480379581451
1279,0.9999178051948547,8.218595939979423e-05
1280,0.9999242722988129,7.572478625661461e-05
1281,0.0008041155961109325,0.9991958439350128
1282,0.001335107883278397,0.9986648857593536
1283,0.9999429881572723,5.705307557946071e-05
1284,0.6847548261284828,0.31524518271908164
1285,0.9997428059577942,0.00025715311858220957
1286,0.9997913390398026,0.000208636476600077
1287,0.0004219818438286893,0.9995780438184738
1288,0.9998864382505417,0.0001135575494117802
1289,5.156408496986842e-05,0.9999484419822693
1290,0.9986525326967239,0.0013474795623551472
1291,5.259974068394513e-05,0.9999473989009857
1292,0.68490881472826,0.31509117438690737
1293,8.321154791701701e-05,0.9999167919158936
1294,0.6896348968148232,0.3103650649991323
1295,0.00029995655313541647,0.9997000694274902
1296,0.0003540344014254515,0.9996459633111954
1297,7.080478053467232e-05,0.9999291896820068
1298,0.00056269880860782,0.9994373172521591
1299,0.9998750537633896,0.00012495677310653264
1300,5.550577998292283e-05,0.9999445080757141
1301,0.00040381704820902087,0.9995961636304855
1302,0.9998326450586319,0.00016734378277760698
1303,0.0015293178366846405,0.9984706491231918
1304,0.9999412000179291,5.8792490676751186e-05
1305,6.463098543463275e-05,0.9999353885650635
1306,5.869513461220777e-05,0.999941349029541
1307,5.2857968057651306e-05,0.9999471306800842
1308,0.998392790555954,0.0016071742084022844
1309,0.00015863408134464407,0.9998414069414139
1310,0.9999159425497055,8.405503649555612e-05
1311,0.999902531504631,9.749148148330278e-05
1312,0.0002473254753567744,0.9997526556253433
1313,0.009816269728617044,0.9901837259531021
1314,0.9999306499958038,6.93133788445266e-05
1315,4.1810042603174224e-05,0.9999581873416901
1316,0.5957175530493259,0.40428244710346917
1317,0.9999211132526398,7.885187733336352e-05
1318,0.9999124258756638,8.757205068832263e-05
1319,7.567003103758907e-05,0.9999243319034576
1320,0.9999456703662872,5.434895183498156e-05
1321,0.11487056326586753,0.8851294368505478
1322,0.9999237060546875,7.627484228578396e-05
1323,6.86054554535076e-05,0.9999313950538635
1324,0.9990678578615189,0.0009321327779616695
1325,9.376423213325324e-05,0.9999062567949295
1326,0.9998333156108856,0.00016667129330016905
1327,0.00010071461497318523,0.9998993128538132
1328,0.0005054870318872418,0.9994945228099823
1329,0.0014957989078538958,0.9985041618347168
1330,0.9999070018529892,9.300332976636128e-05
1331,0.9999291747808456,7.081730836944189e-05
1332,0.007161493544117548,0.9928384870290756
1333,0.00013103823948767968,0.9998689442873001
1334,0.9999189376831055,8.105760025500786e-05
1335,0.657637469470501,0.34236251283437014
1336,9.957018846762367e-05,0.9999004453420639
1337,9.972458610718604e-05,0.9999002516269684
1338,0.004304954803956207,0.9956950694322586
1339,5.022936738896533e-05,0.9999497830867767
1340,8.927001499614562e-05,0.9999107271432877
1341,0.00012034473502353649,0.9998796582221985
1342,0.9998834878206253,0.000116544921638706
1343,0.9998872727155685,0.00011272288429609034
1344,0.9998604357242584,0.00013953887923889852
1345,0.9999136328697205,8.637252767584869e-05
1346,5.734925616707187e-05,0.9999426305294037
1347,0.9999326765537262,6.728015273438359e-05
1348,5.976673082841444e-05,0.9999402463436127
1349,0.0002507824622171029,0.9997492134571075
1350,0.00019959573182859458,0.9998004138469696
1351,0.9999062567949295,9.375142553835758e-05
1352,0.00021542009471886558,0.9997845590114594
1353,0.9999196529388428,8.03149696366745e-05
1354,0.9998888224363327,0.00011118541806354187
1355,0.00022016205002728384,0.9997798204421997
1356,0.9829327315092087,0.017067277649402968
1357,0.0002817272161337314,0.9997182786464691
1358,0.9998761862516403,0.0001238226961959299
1359,7.671294360989123e-05,0.9999232590198517
1360,0.7378516319513437,0.2621483380423797
1361,0.008130730944685638,0.9918692857027054
1362,0.00019719958436326124,0.999802827835083
1363,0.00016963761754595907,0.9998303800821304
1364,0.9975101202726364,0.0024898547990233055
1365,5.635357274513808e-05,0.9999436438083649
1366,0.9997755736112595,0.00022439849817601498
1367,8.99258661775093e-05,0.9999100714921951
1368,6.0712585309374845e-05,0.9999392628669739
1369,0.9999490082263947,5.095908090879675e-05
1370,0.00015131698091863655,0.9998486489057541
1371,0.0027010913199774222,0.9972989112138748
1372,0.0001601840745024674,0.9998397976160049
1373,0.12834450183436275,0.8716554939746857
1374,0.9992474466562271,0.0007525722467107698
1375,0.9999008029699326,9.917533554926194e-05
1376,0.00012759149080920906,0.9998724311590195
1377,5.775152158093988e-05,0.9999422430992126
1378,0.0001956177102329093,0.999804362654686
1379,0.9999403059482574,5.967132528894581e-05
1380,0.0007142773756640963,0.9992857277393341
1381,0.9999447464942932,5.524501557374606e-05
1382,8.776953018241329e-05,0.999912217259407
1383,0.9998828619718552,0.00011714898482750868
1384,0.25780257873702794,0.7421973906457424
1385,0.9999347031116486,6.529075881189783e-05
1386,0.9999282360076904,7.175394398473145e-05
1387,0.49805855911108665,0.5019414374619373
1388,6.68048865009041e-05,0.9999331831932068
1389,0.004744535026475205,0.9952554702758789
1390,0.00023609497475263197,0.9997638911008835
1391,0.00029975563256812165,0.999700278043747
1392,9.669540486356709e-05,0.9999032914638519
1393,0.9984166473150253,0.0015833461839065421
1394,5.372031182560022e-05,0.9999462962150574
1395,0.00012631247318495298,0.999873697757721
1396,0.9996935427188873,0.00030644570506410673
1397,0.9999103099107742,8.968842894319096e-05
1398,0.9999155253171921,8.44924766170152e-05
1399,0.999906063079834,9.396530822414206e-05
1400,0.00011072647612309083,0.9998892694711685
1401,9.354609619549592e-05,0.9999064654111862
1402,0.001731439264403889,0.9982685595750809
1403,0.0004243823400429392,0.9995756149291992
1404,0.9983612447977066,0.0016387665309594013
1405,0.9999227523803711,7.728197624601307e-05
1406,0.021145300212083384,0.9788546860218048
1407,0.9999245405197144,7.544737309217453e-05
1408,0.00013556701969719143,0.9998644292354584
1409,9.522110599391453e-05,0.9999047964811325
1410,0.9999116063117981,8.842204624670558e-05
1411,0.9993773400783539,0.0006226434379641432
1412,0.9991329908370972,0.0008670202878420241
1413,5.799320524602081e-05,0.9999420046806335
1414,0.9999264627695084,7.352862530751736e-05
1415,0.7638886272907257,0.23611140251159668
1416,0.23167127425404033,0.7683287337422371
1417,0.00014242912470763258,0.9998576045036316
1418,4.67920890514506e-05,0.9999532103538513
1419,0.0015717840597062605,0.998428225517273
1420,0.9996543228626251,0.00034567823240649886
1421,0.9928936660289764,0.00710632716800319
1422,0.9995931833982468,0.00040678504410607275
1423,0.7788563370704651,0.22114368274924345
1424,0.9998821169137955,0.00011784309367612877
1425,0.01625013456941815,0.9837498664855957
1426,7.057182892822311e-05,0.9999294281005859
1427,0.9999569654464722,4.304071649130492e-05
1428,0.005720924696106522,0.994279071688652
1429,0.999912902712822,8.710213910489983e-05
1430,0.9999526739120483,4.729983538709348e-05
1431,0.0010954123990813969,0.9989045858383179
1432,0.9724961519241333,0.027503827630425803
1433,0.0023256684844454867,0.9976743012666702
1434,0.9996017664670944,0.0003982217695011059
1435,0.9999403655529022,5.959495479146426e-05
1436,0.9999245554208755,7.542964158346877e-05
1437,0.00011989578342763707,0.9998800903558731
1438,0.9999504387378693,4.956203929395997e-05
1439,0.9999234229326248,7.657451033082907e-05
1440,0.805197536945343,0.19480247609317303
1441,0.9858750104904175,0.014124993926088791
1442,0.00022915361114428379,0.999770849943161
1443,0.9995724409818649,0.0004275631836208049
1444,0.0001141788816312328,0.9998857975006104
1445,0.9998918026685715,0.00010820037914527347
1446,0.00020459270399442175,0.9997953921556473
1447,0.00021979355460644,0.9997801929712296
1448,0.00010600569021335104,0.9998940080404282
1449,0.000273041257969453,0.9997269362211227
1450,0.9998605251312256,0.00013945306454843376
1451,0.9999494254589081,5.0550604100862984e-05
1452,0.00013781336429019575,0.9998621940612793
1453,0.9942014962434769,0.005798490296001546
1454,0.0038535028406840866,0.996146485209465
1455,0.9999378621578217,6.213052392922691e-05
1456,0.07015372589376057,0.9298463016748428
1457,0.9998834431171417,0.00011657163349809707
1458,0.9999377429485321,6.222347792572691e-05
1459,0.010974079585139407,0.9890259057283401
1460,0.9998913258314133,0.00010865589365494088
1461,0.9701969921588898,0.029803016093865153
1462,0.00010264113188895863,0.999897375702858
1463,0.9999337792396545,6.625047308261856e-05
1464,6.506607269329834e-05,0.9999349117279053
1465,0.9678574055433273,0.03214257620857097
1466,0.9999350309371948,6.496632727248652e-05
1467,0.00011215974109290983,0.9998878389596939
1468,0.9960770308971405,0.00392295308301982
1469,0.9997732788324356,0.00022673330477118725
1470,0.9998973459005356,0.00010264372531310073
1471,8.910644191928441e-05,0.9999108910560608
1472,0.9999355673789978,6.446125644288259e-05
1473,8.143576997099444e-05,0.9999185800552368
1474,0.00012849886388721643,0.9998714774847031
1475,0.9999388158321381,6.120020952948835e-05
1476,5.0915069550683256e-05,0.9999490678310394
1477,0.007408572926578927,0.992591455578804
1478,0.0011782955079979729,0.9988217055797577
1479,0.024158606884157052,0.9758414179086685
1480,0.0015508614524151199,0.9984491318464279
1481,0.9999364018440247,6.362329804687761e-05
1482,0.9999212026596069,7.880348175604013e-05
1483,0.9999077469110489,9.224385303241434e-05
1484,0.9998227059841156,0.00017730286754158442
1485,0.30994585528969765,0.690054165199399
1486,0.9998484551906586,0.0001515135104455112
1487,0.9999482333660126,5.175974592930288e-05
1488,0.9363405704498291,0.06365940727118868
1489,0.00043131253914907575,0.9995687007904053
1490,0.9999448955059052,5.5111327583290404e-05
1491,0.00014492823993350612,0.9998550713062286
1492,0.9998937994241714,0.0001062306293988513
1493,0.9999391138553619,6.087362226026016e-05
1494,0.001693546109891031,0.998306468129158
1495,9.181505515698518e-05,0.9999081641435623
1496,0.9999283254146576,7.169092623371398e-05
1497,0.9999361634254456,6.380680133588612e-05
1498,0.05575545062310994,0.9442445933818817
1499,6.30163758614799e-05,0.9999369978904724
1500,0.9999139457941055,8.604802201261919e-05
1501,0.0004000050885224482,0.9996000081300735
1502,0.0009456053248868557,0.9990544021129608
1503,0.00010256717450829456,0.9998974353075027
1504,0.9999519884586334,4.797800590949919e-05
1505,0.9999316930770874,6.828633104305482e-05
1506,0.9999028146266937,9.715933811094146e-05
1507,0.08395359276619274,0.9160463660955429
1508,0.9999099373817444,9.004661842482165e-05
1509,0.9998951405286789,0.0001048953517965856
1510,0.00027299638713884633,0.9997270107269287
1511,0.9999357461929321,6.424436151064583e-05
1512,0.859916590154171,0.14008340423060872
1513,0.42111651599407196,0.5788834951817989
1514,0.9999563992023468,4.361882884040824e-05
1515,0.00013951394157629693,0.999860480427742
1516,6.767405966456863e-05,0.9999323189258575
1517,0.0002782631909212796,0.9997217357158661
1518,0.9988294541835785,0.0011705614997481462
1519,5.8809869187825825e-05,0.9999411702156067
1520,0.9999033957719803,9.659323950472753e-05
1521,6.262293209147174e-05,0.9999373853206635
1522,0.000243898162352707,0.9997561424970627
1523,0.9999596476554871,4.032910328533035e-05
1524,0.0007508961934945546,0.9992491006851196
1525,0.9995221495628357,0.00047786353025003336
1526,0.00013677067181561142,0.9998631924390793
1527,6.901955748617183e-05,0.9999310076236725
1528,0.0001961418820428662,0.9998038709163666
1529,0.0182492238272971,0.9817507863044739
1530,0.00016047862663981505,0.9998395293951035
1531,6.778709575883113e-05,0.999932199716568
1532,0.9995914548635483,0.00040855152474250644
1533,0.9985222965478897,0.0014777312858313962
1534,0.00010064140087706619,0.9998993426561356
1535,0.00018164550488108944,0.9998183250427246
1536,0.00014757775807083817,0.9998524338006973
1537,0.9998772889375687,0.00012270581896700605
1538,0.9999122470617294,8.778284700383665e-05
1539,0.9999212026596069,7.877822190494044e-05
1540,0.8793589472770691,0.12064104172713996
1541,0.0004711949932243442,0.9995288103818893
1542,0.060645336168818176,0.9393546730279922
1543,0.9998135566711426,0.0001864658570411848
1544,0.9991328418254852,0.0008671212999615818
1545,0.00013060080163995735,0.9998693913221359
1546,0.9998985677957535,0.00010144735460926313
1547,0.00034994251836906187,0.9996500164270401
1548,0.9999420344829559,5.796228492727096e-05
1549,0.9999218583106995,7.812768649273494e-05
1550,6.711909850309894e-05,0.9999328851699829
1551,0.0003785316007451911,0.9996214509010315
1552,0.9999011009931564,9.886315615403873e-05
1553,0.32703737169504166,0.6729626310989261
1554,0.9999150037765503,8.498498800690868e-05
1555,0.9999370276927948,6.294779075233237e-05
1556,0.9999220669269562,7.794639714120422e-05
1557,5.543552379094763e-05,0.9999445676803589
1558,0.0006397809593181591,0.9993602186441422
1559,0.9998387545347214,0.00016126253194670426
1560,0.0002772236584860366,0.9997227638959885
1561,0.9999300837516785,6.989306439209031e-05
1562,0.9999410510063171,5.894443643228442e-05
1563,0.0002082297000924882,0.9997917860746384
1564,6.804774034208094e-05,0.9999319314956665
1565,0.9998749047517776,0.0001250906730092538
1566,0.28405643382575363,0.7159435525536537
1567,0.0005183668872632552,0.9994816780090332
1568,0.0002540528766985517,0.9997459203004837
1569,5.4761655746915494e-05,0.9999452233314514
1570,5.6823459090082906e-05,0.999943196773529
1571,0.46804648195393384,0.5319535427249775
1572,0.9998528063297272,0.00014720737635798287
1573,0.02953194337169407,0.970468059182167
1574,0.9977849423885345,0.002215038725807972
1575,9.750178605827386e-05,0.9999024718999863
1576,6.237160209821013e-05,0.9999376237392426
1577,0.9795560985803604,0.02044389174261596
1578,7.597228341182927e-05,0.999924048781395
1579,0.009745735907927155,0.990254282951355
1580,7.912360933914897e-05,0.9999208748340607
1581,0.9999050348997116,9.49765465065866e-05
1582,0.9998935908079147,0.00010639670153977931
1583,0.999867856502533,0.0001321519807788718
1584,0.0005656265213929146,0.9994343966245651
1585,0.9999170303344727,8.294052327073587e-05
1586,0.00011652372540993383,0.9998834878206253
1587,0.9994162172079086,0.0005837492662976729
1588,0.9999281764030457,7.178226042015012e-05
1589,0.9999402761459351,5.970128586341161e-05
1590,0.9998487532138824,0.00015128000859476742
1591,0.9997863173484802,0.00021368587499637215
1592,8.255884495156351e-05,0.9999174475669861
1593,0.9998108446598053,0.00018914990687335376
1594,0.0002123245103575755,0.9997876882553101
1595,0.002493097592378035,0.9975069314241409
1596,0.05978424838394858,0.9402157664299011
1597,0.5818717824295163,0.4181281700730324
1598,0.9985845237970352,0.0014154565278658993
1599,0.00012094286739738891,0.9998790472745895
1600,0.7111586089595221,0.28884138399735093
1601,7.124593412299873e-05,0.9999287724494934
1602,0.9998501092195511,0.00014990513591328636
1603,6.534825934068067e-05,0.9999346435070038
1604,7.262717463163426e-05,0.9999273717403412
1605,0.9999327957630157,6.719864336446335e-05
1606,0.9983905851840973,0.0016094076909212163
1607,0.9999452829360962,5.473254032040131e-05
1608,6.465261321864091e-05,0.9999353289604187
1609,0.0005675021875504171,0.9994325041770935
1610,0.16782935921401076,0.8321706503629684
1611,0.0008039837703108788,0.9991960376501083
1612,0.9808785915374756,0.01912138437910471
1613,0.5793486963957548,0.4206513352692127
1614,0.999895840883255,0.00010413558538857615
1615,0.508160381577909,0.49183959886431694
1616,0.9999304115772247,6.958056405892421e-05
1617,0.9999352395534515,6.478432851508842e-05
1618,0.9999209940433502,7.902862489572726e-05
1619,5.885335917810153e-05,0.9999411404132843
1620,0.00016275853295155684,0.9998372197151184
1621,0.9998889118432999,0.00011111983440059703
1622,0.999849483370781,0.00015055208928060893
1623,0.0004367617075331509,0.9995632171630859
1624,5.962003297099727e-05,0.9999403953552246
1625,0.999843955039978,0.0001560438486194471
1626,0.9998977929353714,0.00010218779334536521
1627,0.00010635350008669775,0.9998936355113983
1628,0.995504766702652,0.004495274892178713
1629,0.9997791945934296,0.0002208094720117515
1630,7.618106428708415e-05,0.999923825263977
1631,0.9776381105184555,0.022361897204973502
1632,5.387286000768654e-05,0.9999461472034454
1633,0.738324583042413,0.261675426745569
1634,0.017264858467569866,0.9827351123094559
1635,0.9998786151409149,0.00012135184351791395
1636,0.9999577403068542,4.224906388117233e-05
1637,0.9999265670776367,7.345547601289582e-05
1638,0.00012109698309359374,0.9998788982629776
1639,0.00016050659769462072,0.9998394697904587
1640,0.47127818036824465,0.5287217800505459
1641,6.10849397162383e-05,0.9999389350414276
1642,8.765363145357696e-05,0.9999123215675354
1643,0.999953031539917,4.694313793152105e-05
1644,0.9984040409326553,0.001595988702320028
1645,0.9999462962150574,5.368167921915301e-05
1646,0.0013349201344681205,0.998665064573288
1647,0.0001385046809900814,0.9998614937067032
1648,7.115717380656861e-05,0.9999288320541382
1649,0.9999240636825562,7.594165890623117e-05
1650,0.9999573230743408,4.268312147814868e-05
1651,0.9998010694980621,0.00019893796707037836
1652,0.9998811185359955,0.00011889281518051575
1653,0.0005433164496935206,0.9994566887617111
1654,0.9886806607246399,0.011319334567815531
1655,0.9261244088411331,0.07387563327210955
1656,6.0681736840706435e-05,0.9999393224716187
1657,7.13770609763742e-05,0.9999286532402039
1658,0.9999374151229858,6.256888468669786e-05
1659,0.9957801401615143,0.004219828599161701
1660,0.0003978279862622003,0.9996021687984467
1661,0.9994955658912659,0.0005044380025083228
1662,0.0013840082101523876,0.9986160099506378
1663,0.9998897314071655,0.00011025782805518247
1664,0.0018473835079930723,0.9981526285409927
1665,0.0007546957472186477,0.999245285987854
1666,5.8960590649803635e-05,0.9999410510063171
1667,0.999915599822998,8.438987106273999e-05
1668,0.11056483615925572,0.8894351869821548
1669,8.301881553052226e-05,0.9999170154333115
1670,0.999901682138443,9.829840428210446e-05
1671,0.9950714856386185,0.0049285026179859415
1672,0.9973132014274597,0.0026867989290622063
1673,0.9999382793903351,6.173103201945196e-05
1674,0.9995754510164261,0.00042455892435100395
1675,0.18300048960372806,0.8169995099306107
1676,0.9936670362949371,0.00633294197905343
1677,0.9999530017375946,4.696227847489354e-05
1678,8.024211979318352e-05,0.9999197423458099
1679,0.999946653842926,5.334693287295522e-05
1680,0.9998624324798584,0.0001375626152366749
1681,5.7031513961192104e-05,0.9999429881572723
1682,7.144397659430979e-05,0.9999285340309143
1683,0.9999545216560364,4.547190633275022e-05
1684,9.195389350225014e-05,0.9999080449342728
1685,0.9998790472745895,0.00012092480028513819
1686,9.000916361401323e-05,0.9999100118875504
1687,0.0002723758007050492,0.9997276216745377
1688,0.24784558196552098,0.7521543949842453
1689,0.984761506319046,0.015238519394188188
1690,0.6782959550619125,0.3217040381859988
1691,0.9997977763414383,0.0002022229996327951
1692,0.0007114178165466001,0.9992885738611221
1693,0.9999457001686096,5.4285635087580886e-05
1694,6.28899733783328e-05,0.999937117099762
1695,0.9998913258314133,0.0001086897095774475
1696,0.00031294421569327824,0.999687060713768
1697,0.8839318454265594,0.11606816514176899
1698,5.099757572679664e-05,0.9999490082263947
1699,0.7463947236537933,0.2536052791401744
1700,0.9997608512639999,0.00023915489418868674
1701,0.9997372031211853,0.00026281554528395645
1702,9.129918726102915e-05,0.9999086856842041
1703,0.0003558969492587494,0.999644085764885
1704,0.8724551200866699,0.1275448336964473
1705,0.9999032318592072,9.672670512372861e-05
1706,0.00012099107243557228,0.9998790323734283
1707,0.9999172687530518,8.273716571238765e-05
1708,0.23896233034611214,0.7610376719385386
1709,7.421263717333204e-05,0.9999257922172546
1710,0.9999053925275803,9.460240426051314e-05
1711,0.9997888058423996,0.000211179110010562
1712,8.768228963162983e-05,0.9999123215675354
1713,0.00035061122480328777,0.9996493756771088
1714,0.0001401936860929709,0.9998597949743271
1715,0.9998957216739655,0.00010424869833514094
1716,0.29300003685057163,0.7069999575614929
1717,9.422574385098414e-05,0.9999057799577713
1718,7.331872643590032e-05,0.9999266862869263
1719,0.9999438226222992,5.6164936609093274e-05
1720,0.00011461163285275688,0.9998853951692581
1721,0.9998759478330612,0.00012404533754306613
1722,0.9999324381351471,6.753218758603907e-05
1723,0.9997450411319733,0.0002549244063629885
1724,0.002534194918553112,0.9974657744169235
1725,0.00013925109306001104,0.9998607486486435
1726,0.9999376237392426,6.240246329980437e-05
1727,0.0007386164706986165,0.9992613792419434
1728,0.9977761507034302,0.0022238403907977045
1729,0.00016891552331799176,0.9998310804367065
1730,0.9913048893213272,0.008695076365256682
1731,0.35252372454851866,0.6474763012956828
1732,0.0002979695491376333,0.9997020214796066
1733,7.56576068852155e-05,0.99992436170578
1734,0.9997580349445343,0.00024192923729060567
1735,0.9998600631952286,0.00013994000528327888
1736,0.9640905410051346,0.035909453299609595
1737,0.9932713657617569,0.006728630410634651
1738,0.9997897893190384,0.00021020979693275876
1739,0.9999502003192902,4.97957480547484e-05
1740,0.00012298664751142496,0.9998769909143448
1741,0.0011853218638862018,0.998814657330513
1742,0.01179845146725711,0.9882015585899353
1743,0.034682579836953664,0.96531742811203
1744,0.9999126940965652,8.728172633709619e-05
1745,0.9999100863933563,8.991323329610168e-05
1746,0.9998977333307266,0.00010226083009001741
1747,0.9999420642852783,5.795214042336738e-05
1748,6.624880847994064e-05,0.9999337494373322
1749,9.119833976001246e-05,0.9999087899923325
1750,5.920181251894974e-05,0.9999407827854156
1751,5.890111060580239e-05,0.9999410808086395
1752,0.0001349314593426243,0.9998650401830673
1753,0.9999348223209381,6.516473445117299e-05
1754,0.9999326169490814,6.73721751809353e-05
1755,0.9996924251317978,0.0003075791446462972
1756,0.0006035970081939013,0.999396413564682
1757,0.9998796135187149,0.00012036158568662358
1758,0.9703574776649475,0.029642530949786305
1759,9.734954983287025e-05,0.9999026656150818
1760,0.0008260471872745256,0.999173954129219
1761,0.9999372363090515,6.27770039045572e-05
1762,0.0003994899852841627,0.9996005296707153
1763,5.768982600784511e-05,0.9999423027038574
1764,0.9999243319034576,7.565462851744087e-05
1765,5.4492641993419966e-05,0.9999454915523529
1766,6.659194332314655e-05,0.9999334216117859
1767,0.6608871072530746,0.3391128818038851
1768,0.9995440393686295,0.00045596227573696524
1769,8.781237556831911e-05,0.9999121725559235
1770,0.9999417662620544,5.821562058372365e-05
1771,0.0006531183080369374,0.9993468672037125
1772,5.2199237870809156e-05,0.9999477863311768
1773,0.00010102772262143844,0.9998989552259445
1774,0.9998204708099365,0.00017954335453396197
1775,0.9999446868896484,5.5309407116510556e-05
1776,0.2866067796712741,0.7133932318538427
1777,5.669273468811298e-05,0.9999432861804962
1778,6.094563627812022e-05,0.9999390840530396
1779,0.9998932927846909,0.00010670260417100508
1780,0.0007609541935380548,0.9992390275001526
1781,0.9999235272407532,7.646034578101535e-05
1782,0.0004013555899291532,0.9995986521244049
1783,0.19871666400376853,0.8012832999229431
1784,0.999329224228859,0.0006707874126732349
1785,6.008320679029566e-05,0.999939888715744
1786,0.0005488429032993736,0.9994511753320694
1787,0.9999290108680725,7.100267430359963e-05
1788,7.679382360947784e-05,0.9999231994152069
1789,0.9996877014636993,0.0003122786911262665
1790,0.9999288022518158,7.121236717466672e-05
1791,6.169160110403027e-05,0.9999383091926575
1792,0.0032477285712957382,0.9967522621154785
1793,0.9999493956565857,5.059665272710845e-05
1794,9.788763782125898e-05,0.9999020993709564
1795,0.9999258369207382,7.417465246817301e-05
1796,0.9999180436134338,8.194843780984229e-05
1797,0.0006256609449337702,0.9993743300437927
1798,0.9999443292617798,5.567240634718473e-05
1799,0.0005689193621947197,0.9994310885667801
1800,0.9999231994152069,7.678308736558392e-05
1801,0.00012815876016247785,0.9998718351125717
1802,0.5469950959086418,0.453004898969084
1803,0.000254669485912018,0.9997452944517136
1804,0.003412986217881553,0.9965870082378387
1805,0.9999206960201263,7.930373976705596e-05
1806,0.9998955130577087,0.00010447759086673614
1807,0.9998896420001984,0.0001103471142869239
1808,0.9985969364643097,0.0014030559595994418
1809,0.00011772074958571466,0.999882310628891
1810,0.9999409914016724,5.9022544064646354e-05
1811,0.020433920552022755,0.9795660972595215
1812,0.9999412298202515,5.8782849919225555e-05
1813,0.0010780487064039335,0.9989219307899475
1814,0.0015991144414329028,0.9984008967876434
1815,0.9999488592147827,5.113356917263445e-05
1816,0.9999043941497803,9.562498416926246e-05
1817,0.987515777349472,0.012484195511206053
1818,0.0008569109486415982,0.999143049120903
1819,0.9999472498893738,5.2714372031914536e-05
1820,0.9999144822359085,8.550141956220614e-05
1821,0.0009267242385249119,0.9990732818841934
1822,0.0022417567925003823,0.9977582544088364
1823,9.292761637880176e-05,0.999907061457634
1824,0.1330696522090875,0.8669303134083748
1825,0.9999313652515411,6.865596697025467e-05
1826,5.508066942638834e-05,0.9999448955059052
1827,9.253783900931012e-05,0.9999074786901474
1828,0.0009147319542535115,0.9990852773189545
1829,0.9998705089092255,0.0001295040251534374
1830,0.9999376535415649,6.233222939044936e-05
1831,0.8828470408916473,0.11715296842157841
1832,0.023762539349263534,0.9762374609708786
1833,0.9674049913883209,0.03259500057902187
1834,0.9997263699769974,0.00027365011192159727
1835,0.9997452944517136,0.0002546874038671376
1836,0.00033820530006778426,0.9996618032455444
1837,5.934443288424518e-05,0.9999406635761261
1838,0.9998581260442734,0.00014188290515448898
1839,8.183317640941823e-05,0.999918133020401
1840,6.07132949426159e-05,0.9999392926692963
1841,0.00010849872523976956,0.9998915046453476
1842,0.9981408566236496,0.0018591523830764345
1843,0.11619040511868661,0.8838095813989639
1844,0.9049384891986847,0.09506150860397611
1845,0.9950411319732666,0.004958866851666244
1846,0.99985671043396,0.00014328805627883412
1847,6.022476009093225e-05,0.9999397695064545
1848,0.9999062567949295,9.371875694341725e-05
1849,0.9999192953109741,8.070453668551636e-05
1850,0.7628798112273216,0.23712017852813005
1851,0.9999455511569977,5.4436233767773956e-05
1852,0.9992626011371613,0.0007373818366431806
1853,0.9999146312475204,8.533147683920106e-05
1854,0.999895766377449,0.00010423124081171409
1855,0.999749943614006,0.00025005538282130146
1856,0.0001696734250344889,0.9998303353786469
1857,6.883556511638744e-05,0.9999311566352844
1858,7.665838347747922e-05,0.9999233484268188
1859,0.9999466240406036,5.3361077334557194e-05
1860,0.8198498785495758,0.1801501172594726
1861,0.9925202131271362,0.0074797792913159356
1862,0.5933442637324333,0.4066557487240061
1863,0.999858170747757,0.0001418177098457818
1864,5.793627587991068e-05,0.9999420344829559
1865,0.00021022257624281337,0.999789759516716
1866,0.0007447147982020397,0.9992552846670151
1867,0.9999438524246216,5.6131786323021515e-05
1868,0.0004840984356633271,0.999515950679779
1869,0.9999010115861893,9.897416612147936e-05
1870,8.709135772733134e-05,0.999912902712822
1871,0.00041150389733957127,0.9995885044336319
1872,0.0001312167112246243,0.9998687952756882
1873,0.9998486936092377,0.0001513188053650083
1874,5.8568940175973694e-05,0.9999414086341858
1875,0.9999406933784485,5.931300643169379e-05
1876,0.0005047374329478771,0.999495267868042
1877,0.9996815770864487,0.00031842398766457336
1878,0.9998997002840042,0.00010029193708760431
1879,0.999727264046669,0.00027272892475593835
1880,0.5607198225334287,0.4392801881986088
1881,0.0005389801735873334,0.9994609951972961
1882,0.9999218285083771,7.81570354320138e-05
1883,0.9985043853521347,0.0014956081722630188
1884,7.960793118400034e-05,0.9999203681945801
1885,0.999909982085228,9.00340551197587e-05
1886,5.302131239659502e-05,0.9999470114707947
1887,5.553039727601572e-05,0.9999444484710693
1888,0.28391675956663676,0.7160832621157169
1889,0.9990414083003998,0.0009586316391505534
1890,0.9999280571937561,7.192205248429673e-05
1891,0.17514084465801716,0.8248591795563698
1892,0.9998824745416641,0.00011754073170777701
1893,0.9997620731592178,0.00023794861590431537
1894,0.5624737031757832,0.43752631172537804
1895,0.9997982233762741,0.0002017650795096415
1896,0.00014238297217161744,0.9998576045036316
1897,0.9994098246097565,0.0005901861823076615
1898,8.45757836032135e-05,0.9999153912067413
1899,0.9999206960201263,7.931113987069693e-05
1900,0.9991784691810608,0.0008215060370275751
1901,0.00021371936895775434,0.9997862726449966
1902,0.010120098508195952,0.989879921078682
1903,7.057207085381378e-05,0.9999294281005859
1904,0.0001432256140105892,0.9998567700386047
1905,0.003011328315551509,0.9969886541366577
1906,9.172420959657757e-05,0.9999082833528519
1907,6.152054470476287e-05,0.9999384880065918
1908,0.999891459941864,0.00010854878473764984
1909,0.9999481439590454,5.184527867641009e-05
1910,0.9998865276575089,0.00011350378326824284
1911,0.999925285577774,7.475420488844975e-05
1912,0.9993937909603119,0.0006061933163437061
1913,0.9791552871465683,0.020844700184170506
1914,0.9999036192893982,9.635999549573171e-05
1915,9.236357709596632e-05,0.9999076277017593
1916,0.9998832195997238,0.00011677593010972487
1917,0.9998940527439117,0.00010592795842967462
1918,0.0008581325309933163,0.9991419017314911
1919,6.651447574768099e-05,0.9999334812164307
1920,0.9999257028102875,7.428285425703507e-05
1921,0.9999323785305023,6.762817702110624e-05
1922,6.37814518995583e-05,0.9999362230300903
1923,0.999934047460556,6.594035448870272e-05
1924,0.004604545071742905,0.9953954368829727
1925,0.0011230544982936408,0.9988769441843033
1926,0.0013855431079718983,0.9986144602298737
1927,0.9997953772544861,0.00020461354415601818
1928,0.0009676798481450533,0.9990323036909103
1929,0.35094950441271067,0.6490505021065474
1930,6.544466168634244e-05,0.9999345242977142
1931,0.9997985064983368,0.00020152117394900415
1932,0.9998880475759506,0.0001119319581448508
1933,0.9997247904539108,0.00027521072843228467
1934,0.9937970340251923,0.006202997728905757
1935,0.9995303601026535,0.000469642774987733
1936,0.5339851975440979,0.46601480804383755
1937,0.12470647626832942,0.8752935081720352
1938,0.7483897865749896,0.25161018522339873
1939,0.9999023526906967,9.765704726305557e-05
1940,0.5835436590132304,0.4164563209633343
1941,0.0002873072608053917,0.9997126907110214
1942,6.742711343576957e-05,0.9999325573444366
1943,0.00018803367220243672,0.999811977148056
1944,0.0001276595403396641,0.9998723417520523
1945,6.787681195419282e-05,0.9999321103096008
1946,0.9999220669269562,7.792257338223862e-05
1947,0.9999323487281799,6.763747023796896e-05
1948,0.9997507184743881,0.00024924968329287367
1949,0.9999064952135086,9.347724426334025e-05
1950,0.9998873770236969,0.00011262316957072471
1951,0.9999047517776489,9.521790116195916e-05
1952,0.00010063190529763233,0.9998993426561356
1953,0.9957624524831772,0.00423754798976006
1954,0.9999087303876877,9.130202624874073e-05
1955,6.995500552875455e-05,0.9999300539493561
1956,8.543136391381267e-05,0.9999145567417145
1957,0.0002875715472328011,0.9997124224901199
1958,4.930665522806521e-05,0.9999506771564484
1959,0.999887004494667,0.00011297084574835026
1960,4.428294619174267e-05,0.9999557137489319
1961,0.999794989824295,0.00020500519349297974
1962,0.002676542532753956,0.9973234683275223
1963,9.31716267587035e-05,0.9999068528413773
1964,0.9999300837516785,6.992049566179048e-05
1965,0.9998815059661865,0.00011848940357594984
1966,0.9995765537023544,0.0004234160460327985
1967,7.027728906905395e-05,0.9999297261238098
1968,0.9999396502971649,6.035854221408954e-05
1969,0.9999289661645889,7.101238657014619e-05
1970,0.0018098627797371591,0.9981901496648788
1971,6.876455495330447e-05,0.9999312162399292
1972,0.9999241083860397,7.590289988002041e-05
1973,0.0012950281925441232,0.9987049549818039
1974,0.9993843287229538,0.0006156576096145727
1975,6.0361586747603724e-05,0.9999396204948425
1976,0.9998927265405655,0.00010727652704645152
1977,0.9958232641220093,0.004176718210146646
1978,0.02465645511256298,0.9753435850143433
1979,0.00012082557168469066,0.9998791664838791
1980,8.294296412714175e-05,0.9999170452356339
1981,0.9999511539936066,4.882041969267448e-05
1982,9.723036691866582e-05,0.9999027997255325
1983,0.9994194209575653,0.000580571260798024
1984,0.9998089969158173,0.00019096000642093713
1985,0.26653109322069213,0.73346888856031
1986,0.0003170782792949467,0.9996829330921173
1987,8.03593679847836e-05,0.9999196231365204
1988,0.013096838985802606,0.9869031757116318
1989,0.9999147802591324,8.520950314050424e-05
1990,0.9999484717845917,5.15039416768559e-05
1991,0.9999527037143707,4.7281992692660424e-05
1992,0.999940425157547,5.957585835858481e-05
1993,0.9998276680707932,0.00017233706057595555
1994,0.00033360526322212536,0.9996663928031921
1995,0.9999277293682098,7.227432070067152e-05
1996,0.9999271333217621,7.286180516530294e-05
1997,0.9999260604381561,7.394097838187008e-05
1998,0.9998532086610794,0.0001467884376324946
1999,0.9999373853206635,6.2633465631734e-05
